filename,height,width,ctp_mean,ctp_std,ctp_min,ctp_max,pct_ctp_lt_300,pct_ctp_lt_200,ctt_mean,ctt_std,pct_ctt_lt_220,pct_ctt_lt_240,timestamp,processed_at
3RIMG_23JAN2026_0015_L2B_CTP_V01R00.h5,313,312,-222.43446350097656,796.2511596679688,-999.0,777.3140869140625,55.47329401163267,52.1944376177603,-376.9165954589844,630.7196044921875,53.10272794298353,59.89903334152535,13707745.023145901,2026-02-15T03:34:03.370269
3RIMG_23JAN2026_0045_L2B_CTP_V01R00.h5,313,312,-219.81069946289062,797.2666015625,-999.0,777.782958984375,55.26746948472188,52.059269271729335,-375.4565124511719,630.866943359375,52.93991152617351,59.611288604898824,13707775.514563983,2026-02-15T03:34:03.390153
3RIMG_23JAN2026_0115_L2B_CTP_V01R00.h5,313,312,-221.92050170898438,798.278076171875,-999.0,796.3470458984375,55.39239780453838,52.20570164659621,-377.9054260253906,630.9664306640625,53.0535758171541,59.64200868354222,13707805.614968967,2026-02-15T03:34:03.407722
3RIMG_23JAN2026_0145_L2B_CTP_V01R00.h5,313,312,-224.7670135498047,798.5142822265625,-999.0,777.7930908203125,55.47329401163267,52.44327025477185,-380.3766784667969,630.9838256835938,53.27476038338658,59.68092078315721,13707835.59977415,2026-02-15T03:34:03.427214
3RIMG_23JAN2026_0215_L2B_CTP_V01R00.h5,313,312,-226.12042236328125,799.1865844726562,-999.0,777.5375366210938,55.5879823052347,52.53543049070205,-382.0062561035156,631.0114135742188,53.43040878184648,59.42799213565987,13707865.293342967,2026-02-15T03:34:03.449758
3RIMG_23JAN2026_0245_L2B_CTP_V01R00.h5,313,312,-227.10726928710938,799.864501953125,-999.0,777.6024169921875,55.74260670107315,52.71155894159089,-383.2488708496094,631.0460205078125,53.577865159334806,59.45564020643893,13707895.678981934,2026-02-15T03:34:03.472642
3RIMG_23JAN2026_0315_L2B_CTP_V01R00.h5,313,312,-223.98902893066406,801.1151123046875,-999.0,777.5742797851562,55.5552142213484,52.62144671090358,-381.5593566894531,631.197998046875,53.440648808060956,59.07061522077497,13707925.821561882,2026-02-15T03:34:03.490638
3RIMG_23JAN2026_0345_L2B_CTP_V01R00.h5,313,312,-229.27688598632812,801.9739990234375,-999.0,777.6993408203125,55.90030310477595,52.95424756287376,-386.4715270996094,631.1607055664062,53.83591381993937,59.389080036044895,13707968.888166517,2026-02-15T03:34:03.510646
3RIMG_23JAN2026_0515_L2B_CTP_V01R00.h5,313,312,-238.6591339111328,804.5042114257812,-999.0,777.9913940429688,56.455312525600064,53.71610551323012,-396.00531005859375,631.1442260742188,54.437003358728596,59.70447284345048,13708049.323857633,2026-02-15T03:34:03.534437
3RIMG_23JAN2026_0545_L2B_CTP_V01R00.h5,313,312,-228.62562561035156,806.28125,-999.0,777.4219360351562,55.83067092651757,53.172360121241915,-388.9393005371094,631.5719604492188,53.91169001392644,59.13512738592611,13708145.176134916,2026-02-15T03:34:03.551458
3RIMG_23JAN2026_0615_L2B_CTP_V01R00.h5,313,312,-236.61614990234375,807.499755859375,-999.0,782.783935546875,56.24539198820349,53.71200950274433,-396.4011535644531,631.4652099609375,54.38477922503482,59.41365609895961,13708146.2125454,2026-02-15T03:34:03.571457
3RIMG_23JAN2026_0645_L2B_CTP_V01R00.h5,313,312,-231.2483673095703,809.289794921875,-999.0,778.581298828125,56.039567461292705,53.458056852625546,-393.19329833984375,631.7868041992188,54.08269845170803,59.105431309904155,13708143.900652599,2026-02-15T03:34:03.593387
3RIMG_23JAN2026_0715_L2B_CTP_V01R00.h5,313,312,-230.67486572265625,810.212646484375,-999.0,780.4819946289062,56.00167936429917,53.44474481854673,-393.3436584472656,631.9015502929688,54.04378635209306,59.005079053002376,13708227.475653483,2026-02-15T03:34:03.614407
3RIMG_23JAN2026_0745_L2B_CTP_V01R00.h5,313,312,-227.54238891601562,810.3218994140625,-999.0,780.515625,55.8378389448677,53.273736380765136,-390.7450256347656,632.0557250976562,53.83284181207504,58.87400671745719,13708235.1446231,2026-02-15T03:34:03.632416
3RIMG_23JAN2026_0815_L2B_CTP_V01R00.h5,313,312,-229.54989624023438,810.3450927734375,-999.0,780.6407470703125,55.89620709429016,53.394568690095845,-392.4497375488281,631.9922485351562,53.88096993528303,59.01327107397395,13708247.054900449,2026-02-15T03:34:03.651926
3RIMG_23JAN2026_0845_L2B_CTP_V01R00.h5,313,312,-232.42774963378906,809.5802001953125,-999.0,781.1948852539062,56.06721553207176,53.55431309904153,-394.278076171875,631.8353271484375,54.0775784386008,59.216023593020395,13708324.7781452,2026-02-15T03:34:03.669924
3RIMG_23JAN2026_0915_L2B_CTP_V01R00.h5,313,312,-231.45387268066406,809.4364013671875,-999.0,780.6407470703125,55.981199311870235,53.45908085524699,-393.3765869140625,631.8681640625,53.92295404276235,59.16277545670518,13708325.649976082,2026-02-15T03:34:03.689924
3RIMG_23JAN2026_0945_L2B_CTP_V01R00.h5,313,312,-234.22132873535156,808.5443725585938,-999.0,778.5345458984375,56.038543458671256,53.55943311214877,-395.07171630859375,631.7033081054688,54.036618333742936,59.33992791021545,13708343.080837382,2026-02-15T03:34:03.708923
3RIMG_23JAN2026_1015_L2B_CTP_V01R00.h5,313,312,-235.93638610839844,807.2926635742188,-999.0,778.8936157226562,56.20647988858851,53.53690505447693,-395.5959777832031,631.5430297851562,54.04173834685017,59.64917670189236,13708397.946047334,2026-02-15T03:34:03.726977
3RIMG_23JAN2026_1045_L2B_CTP_V01R00.h5,313,312,-234.91973876953125,806.498779296875,-999.0,781.4426879882812,56.18599983615958,53.42221676087491,-394.1604309082031,631.5806884765625,53.94548210043417,59.661464733349725,13708409.716592217,2026-02-15T03:34:03.747499
3RIMG_23JAN2026_1115_L2B_CTP_V01R00.h5,313,312,-236.1063995361328,805.2190551757812,-999.0,778.7886962890625,56.25665601703941,53.42528876873924,-394.24249267578125,631.4431762695312,53.98439420004916,59.767961005980176,13708413.4748589,2026-02-15T03:34:03.766510
3RIMG_23JAN2026_1145_L2B_CTP_V01R00.h5,313,312,-236.01187133789062,804.3335571289062,-999.0,778.49755859375,56.1644957811092,53.37613664290981,-393.5749206542969,631.3623046875,53.952650118784305,59.84578520521012,13708463.652655983,2026-02-15T03:34:03.784509
3RIMG_23JAN2026_1215_L2B_CTP_V01R00.h5,313,312,-234.8649139404297,803.633056640625,-999.0,777.457763671875,56.01703940362087,53.30548046202998,-392.2132263183594,631.3160400390625,53.82055378061767,59.5559924633407,13708465.816089502,2026-02-15T03:34:03.802529
3RIMG_23JAN2026_1245_L2B_CTP_V01R00.h5,313,312,-231.018310546875,802.9345703125,-999.0,777.0899047851562,55.72110264602277,53.066887851232906,-388.5501708984375,631.388427734375,53.60448922749242,59.26722372409273,13708495.5402021,2026-02-15T03:34:03.821763
3RIMG_23JAN2026_1315_L2B_CTP_V01R00.h5,313,312,-229.7513885498047,802.0638427734375,-999.0,777.3158569335938,55.65454247562873,53.03616777258949,-386.8727722167969,631.3233642578125,53.54816908331286,59.2621037109855,13708525.2277095,2026-02-15T03:34:03.839878
3RIMG_23JAN2026_1345_L2B_CTP_V01R00.h5,313,312,-226.4971160888672,801.1539916992188,-999.0,778.3126831054688,55.37498975997378,52.833415253543045,-383.58746337890625,631.3015747070312,53.35975260096666,59.043991152617345,13708555.042168668,2026-02-15T03:34:03.859131
3RIMG_23JAN2026_1415_L2B_CTP_V01R00.h5,313,312,-228.22708129882812,799.8392333984375,-999.0,777.789306640625,55.477390022118456,52.90509543704432,-384.1171875,631.1469116210938,53.44269681330385,59.14434340951913,13708584.79861415,2026-02-15T03:34:03.877706
3RIMG_23JAN2026_1445_L2B_CTP_V01R00.h5,313,312,-227.51220703125,798.552734375,-999.0,779.9960327148438,55.47943802736135,52.82419922995003,-382.5845947265625,631.0648193359375,53.379208650774146,59.16072745146228,13708614.776356183,2026-02-15T03:34:03.894989
3RIMG_23JAN2026_1515_L2B_CTP_V01R00.h5,313,312,-224.0736083984375,797.2725830078125,-999.0,779.345947265625,55.26849348734333,52.57843860080281,-378.8481750488281,631.0145874023438,53.14573605308429,59.06754321291062,13708644.587353785,2026-02-15T03:34:03.912091
3RIMG_23JAN2026_1545_L2B_CTP_V01R00.h5,313,312,-223.7269744873047,796.2990112304688,-999.0,777.885986328125,55.24494142705005,52.52928647497338,-377.8825378417969,630.9366455078125,53.089415908904726,59.02760711067421,13708674.484568851,2026-02-15T03:34:03.930166
3RIMG_23JAN2026_1615_L2B_CTP_V01R00.h5,313,312,-221.9099884033203,795.088623046875,-999.0,776.2180786132812,55.12206111247645,52.39002211845663,-375.5329284667969,630.8638916015625,52.90509543704432,58.9200868354223,13708704.4023495,2026-02-15T03:34:03.947680
3RIMG_23JAN2026_1645_L2B_CTP_V01R00.h5,313,312,-209.8470916748047,794.7942504882812,-999.0,776.3470458984375,54.37351519619891,51.61894814450725,-365.5561218261719,630.831298828125,52.259973785532885,58.367125419841074,13708734.8351964,2026-02-15T03:34:03.967125
3RIMG_23JAN2026_1715_L2B_CTP_V01R00.h5,313,312,-211.12550354003906,794.9371337890625,-999.0,777.3327026367188,54.45953141640043,51.70598836733022,-366.71160888671875,630.8428344726562,52.37568608175637,58.39886950110592,13708764.951753817,2026-02-15T03:34:03.985649
3RIMG_23JAN2026_1745_L2B_CTP_V01R00.h5,313,312,-206.848388671875,796.5057983398438,-999.0,776.4579467773438,54.1410666011305,51.501187843040874,-364.38555908203125,631.0267944335938,52.158597526009665,58.131604816908336,13708794.781309066,2026-02-15T03:34:04.004691
3RIMG_23JAN2026_1815_L2B_CTP_V01R00.h5,313,312,-203.29782104492188,796.7473754882812,-999.0,776.1337890625,53.88404194314737,51.28819529777996,-361.7295837402344,631.037841796875,51.9466289833702,57.81621200950274,13708824.795005033,2026-02-15T03:34:04.024806
3RIMG_23JAN2026_1845_L2B_CTP_V01R00.h5,313,312,-203.30638122558594,797.85888671875,-999.0,776.3292236328125,53.81952977799623,51.26157122962235,-362.5806579589844,631.1989135742188,51.86266076841157,57.80904399115262,13708855.0670416,2026-02-15T03:34:04.043325
3RIMG_23JAN2026_1915_L2B_CTP_V01R00.h5,313,312,-207.833251953125,797.1869506835938,-999.0,776.262451171875,54.01511427869256,51.49401982469075,-365.79119873046875,631.196533203125,52.03981322192185,58.00462849184894,13708885.4757743,2026-02-15T03:34:04.946557
3RIMG_23JAN2026_1945_L2B_CTP_V01R00.h5,313,312,-203.27987670898438,797.4695434570312,-999.0,780.9879760742188,53.69869746866552,51.11718685999836,-362.4401550292969,631.1797485351562,51.780740558695825,57.7209797657082,13708915.385276116,2026-02-15T03:34:04.964582
3RIMG_23JAN2026_2015_L2B_CTP_V01R00.h5,313,312,-201.32081604003906,797.5518188476562,-999.0,778.0638427734375,53.47648889981158,50.92774637503072,-361.02667236328125,631.2072143554688,51.61075612353567,57.65237159007127,13708945.481177501,2026-02-15T03:34:04.985734
3RIMG_23JAN2026_2045_L2B_CTP_V01R00.h5,313,312,-202.2406463623047,797.8074340820312,-999.0,778.12841796875,53.51642500204801,50.979970508724506,-361.9427490234375,631.2684936523438,51.62714016547882,57.63701155074957,13708974.982303817,2026-02-15T03:34:05.005590
3RIMG_23JAN2026_2115_L2B_CTP_V01R00.h5,313,312,-203.60337829589844,797.5341796875,-999.0,779.9395141601562,53.5799131645777,51.04448267387565,-362.8763732910156,631.2467651367188,51.66707626771525,57.74965183910871,13709005.280448318,2026-02-15T03:34:05.023722
3RIMG_23JAN2026_2145_L2B_CTP_V01R00.h5,313,312,-205.20730590820312,797.552978515625,-999.0,778.0548095703125,53.64954534283608,51.087490783976406,-364.2105712890625,631.251708984375,51.77766855083149,57.84898009338904,13709034.9644463,2026-02-15T03:34:05.041243
3RIMG_23JAN2026_2215_L2B_CTP_V01R00.h5,313,312,-200.95578002929688,797.6680297851562,-999.0,777.8698120117188,53.38228065863848,50.82534611288605,-360.8736267089844,631.2526245117188,51.5257639059556,57.62267551404931,13709065.2574786,2026-02-15T03:34:05.059577
3RIMG_23JAN2026_2245_L2B_CTP_V01R00.h5,313,312,-207.8834686279297,797.8103637695312,-999.0,778.0479125976562,53.82464979110346,51.23801916932907,-366.51019287109375,631.337646484375,51.837060702875405,58.02408454165643,13709094.301654033,2026-02-15T03:34:05.078576
3RIMG_23JAN2026_2315_L2B_CTP_V01R00.h5,313,312,-208.3254852294922,797.6527099609375,-999.0,777.9205932617188,53.77549766527402,51.18272302777095,-366.8209228515625,631.2982788085938,51.84320471860408,58.09883673302204,13709125.3284911,2026-02-15T03:34:05.096576
3RIMG_23JAN2026_2345_L2B_CTP_V01R00.h5,313,312,-206.4991455078125,798.4019775390625,-999.0,780.1021118164062,53.59527320389941,51.06496272630457,-365.90899658203125,631.4056396484375,51.696772343737194,57.85000409601049,13709154.715372149,2026-02-15T03:34:05.117014
3RIMG_24JAN2026_0014_L2B_CTP_V01R00.h5,313,312,-208.46240234375,799.47021484375,-999.0,780.868408203125,53.71405750798722,51.23597116408618,-368.2953186035156,631.4771118164062,51.82477267141804,57.97800442369132,13709203.539797217,2026-02-15T03:34:05.135025
3RIMG_24JAN2026_0015_L2B_CTP_V01R00.h5,313,312,-209.0496368408203,799.37158203125,-999.0,780.981689453125,53.72839354468747,51.27078725321537,-368.71392822265625,631.4590454101562,51.87597280249038,58.00258048660605,13709184.682781218,2026-02-15T03:34:05.150544
3RIMG_24JAN2026_0044_L2B_CTP_V01R00.h5,313,312,-208.61239624023438,800.21630859375,-999.0,780.7626953125,53.70688948963709,51.23597116408618,-368.9454345703125,631.5629272460938,51.859588760547226,57.970836405341196,13709234.196397234,2026-02-15T03:34:05.170933
3RIMG_24JAN2026_0045_L2B_CTP_V01R00.h5,313,312,-209.228759765625,800.208984375,-999.0,780.7626953125,53.768329646923895,51.28819529777996,-369.43365478515625,631.5521240234375,51.90259687064799,58.032276562628006,13709214.986976633,2026-02-15T03:34:05.189252
3RIMG_24JAN2026_0114_L2B_CTP_V01R00.h5,313,312,-212.76783752441406,800.8618774414062,-999.0,781.04833984375,53.940362087326946,51.53600393217007,-372.7721862792969,631.6070556640625,52.120709429016145,58.09269271729336,13709268.249739368,2026-02-15T03:34:05.210624
3RIMG_24JAN2026_0115_L2B_CTP_V01R00.h5,313,312,-211.88800048828125,801.0015869140625,-999.0,781.04833984375,53.89530597198329,51.489923814204964,-372.1593322753906,631.6299438476562,52.08282133202261,58.05787662816417,13709245.364559101,2026-02-15T03:34:05.225626
3RIMG_24JAN2026_0144_L2B_CTP_V01R00.h5,313,312,-214.08216857910156,801.2453002929688,-999.0,781.2355346679688,53.96493815024166,51.665028262472354,-374.1203918457031,631.6542358398438,52.20877365446056,58.08654870156468,13709297.68118065,2026-02-15T03:34:05.244803
3RIMG_24JAN2026_0145_L2B_CTP_V01R00.h5,313,312,-214.00387573242188,801.2970581054688,-999.0,780.5149536132812,53.98029818956337,51.64250020480053,-374.09600830078125,631.6656494140625,52.18522159416729,58.04866060457115,13709275.3373188,2026-02-15T03:34:05.262963
3RIMG_24JAN2026_0214_L2B_CTP_V01R00.h5,313,312,-218.10867309570312,801.77001953125,-999.0,781.8032836914062,54.21479478987467,51.95072499385598,-377.77386474609375,631.6495361328125,52.440198246907514,58.11931678545097,13709329.654226383,2026-02-15T03:34:05.281617
3RIMG_24JAN2026_0215_L2B_CTP_V01R00.h5,313,312,-218.4033966064453,801.788330078125,-999.0,781.8032836914062,54.217866797739,51.95686900958466,-378.0306396484375,631.6470947265625,52.46477430982224,58.13570082739412,13709307.61697695,2026-02-15T03:34:05.300820
3RIMG_24JAN2026_0244_L2B_CTP_V01R00.h5,313,312,-219.262451171875,802.1520385742188,-999.0,778.2662353515625,54.2967149995904,52.08896534775129,-378.9998779296875,631.6683349609375,52.55283853526665,58.11624477758664,13709364.65695775,2026-02-15T03:34:05.318821
3RIMG_24JAN2026_0245_L2B_CTP_V01R00.h5,313,312,-219.20126342773438,802.1898803710938,-999.0,778.2662353515625,54.29466699434751,52.09306135823708,-378.981201171875,631.6743774414062,52.55795854837388,58.10190874088638,13709394.217382668,2026-02-15T03:34:05.336829
3RIMG_24JAN2026_0315_L2B_CTP_V01R00.h5,313,312,-222.33570861816406,802.9920043945312,-999.0,778.2125244140625,54.52199557630868,52.28352584582616,-382.1382751464844,631.6578979492188,52.739207012369945,58.13365282215123,13709394.19016515,2026-02-15T03:34:05.354573
3RIMG_24JAN2026_0345_L2B_CTP_V01R00.h5,313,312,-222.7723388671875,803.9523315429688,-999.0,778.185546875,54.608011796510205,52.417670189235686,-383.1578674316406,631.69921875,52.87539936102237,58.21352502662407,13709406.685919316,2026-02-15T03:34:05.372574
3RIMG_24JAN2026_0415_L2B_CTP_V01R00.h5,313,312,-229.26698303222656,804.8736572265625,-999.0,777.997314453125,55.008396821495865,52.86925534529369,-389.172119140625,631.5955200195312,53.26964037027935,58.50741377897928,13709455.075732134,2026-02-15T03:34:05.392058
3RIMG_24JAN2026_0445_L2B_CTP_V01R00.h5,313,312,-231.90782165527344,805.2285766601562,-999.0,778.4803466796875,55.188621282870486,53.078151880068816,-391.5649108886719,631.5850830078125,53.43860080281806,58.58523797820923,13709472.34997005,2026-02-15T03:34:05.409066
3RIMG_24JAN2026_0515_L2B_CTP_V01R00.h5,313,312,-232.64210510253906,806.3873901367188,-999.0,778.51611328125,55.281805521422136,53.19796018677808,-392.97344970703125,631.6343383789062,53.55943311214877,58.58830998607356,13709485.685139533,2026-02-15T03:34:05.429063
3RIMG_24JAN2026_0545_L2B_CTP_V01R00.h5,313,312,-231.85328674316406,807.8787231445312,-999.0,778.633544921875,55.304333579093964,53.26349635455067,-393.3348083496094,631.7371826171875,53.61063324322111,58.538133857622675,13709543.57020395,2026-02-15T03:34:05.446576
3RIMG_24JAN2026_0615_L2B_CTP_V01R00.h5,313,312,-235.14210510253906,808.8865966796875,-999.0,779.77978515625,55.56852625542721,53.51232899156222,-396.689208984375,631.7283325195312,53.83796182518227,58.6241500778242,13709553.594802167,2026-02-15T03:34:05.465576
3RIMG_24JAN2026_0645_L2B_CTP_V01R00.h5,313,312,-227.91822814941406,811.0197143554688,-999.0,780.6806030273438,55.26644548210044,53.16416810027034,-392.1456604003906,632.1345825195312,53.46522487097567,58.2165970344884,13709583.970995849,2026-02-15T03:34:05.483576
3RIMG_24JAN2026_0715_L2B_CTP_V01R00.h5,313,312,-225.56643676757812,812.2224731445312,-999.0,780.8878173828125,55.16404521995576,53.10272794298353,-391.0011901855469,632.3014526367188,53.392520684852954,58.080404685835994,13709634.347175432,2026-02-15T03:34:05.503039
3RIMG_24JAN2026_0745_L2B_CTP_V01R00.h5,313,312,-216.81793212890625,813.0194702148438,-999.0,778.9464111328125,54.6674039485541,52.59072663226018,-384.3791198730469,632.61962890625,52.896903416072746,57.64110756123536,13709661.323830385,2026-02-15T03:34:05.522042
3RIMG_24JAN2026_0815_L2B_CTP_V01R00.h5,313,312,-214.2771759033203,813.116455078125,-999.0,778.048583984375,54.5598836733022,52.45863029409355,-382.3455505371094,632.6627807617188,52.78221512247071,57.597075448513145,13709678.108079316,2026-02-15T03:34:05.539051
3RIMG_24JAN2026_0845_L2B_CTP_V01R00.h5,313,312,-214.00753784179688,812.9364013671875,-999.0,781.8682250976562,54.610059801753096,52.39411812894241,-381.94921875,632.6557006835938,52.73408699926272,57.64110756123536,13709739.176149549,2026-02-15T03:34:05.557560
3RIMG_24JAN2026_0915_L2B_CTP_V01R00.h5,313,312,-214.04202270507812,812.8687744140625,-999.0,781.8345947265625,54.691980011468836,52.404358155156885,-381.8590087890625,632.6587524414062,52.7248709756697,57.673875645121655,13709752.873302016,2026-02-15T03:34:05.577560
3RIMG_24JAN2026_0945_L2B_CTP_V01R00.h5,313,312,-215.89317321777344,812.4974365234375,-999.0,781.4783935546875,54.82919636274269,52.49447038584418,-383.0910949707031,632.5617065429688,52.84672728762185,57.902228229704264,13709774.559594465,2026-02-15T03:34:05.596841
3RIMG_24JAN2026_1015_L2B_CTP_V01R00.h5,313,312,-215.9707794189453,811.7703857421875,-999.0,780.6309204101562,54.77799623167036,52.46067829933645,-382.6203918457031,632.4874877929688,52.81907921684279,57.90120422708283,13709818.464380134,2026-02-15T03:34:05.614158
3RIMG_24JAN2026_1045_L2B_CTP_V01R00.h5,313,312,-212.068359375,810.6550903320312,-999.0,778.1328125,54.53940362087327,52.16269353649545,-378.623291015625,632.4969482421875,52.536454493323504,57.76091586794462,13709839.322146516,2026-02-15T03:34:05.634163
3RIMG_24JAN2026_1115_L2B_CTP_V01R00.h5,313,312,-219.8272247314453,808.8880615234375,-999.0,778.3768310546875,55.014540837224544,52.536454493323504,-383.7120056152344,632.1976318359375,52.91431146063734,58.32923732284755,13709845.152896116,2026-02-15T03:34:05.654417
3RIMG_24JAN2026_1145_L2B_CTP_V01R00.h5,313,312,-222.16026306152344,807.5524291992188,-999.0,777.1365966796875,55.176333251413126,52.66650282624723,-384.6383972167969,632.0235595703125,53.03309576472516,58.57704595723765,13709889.369049568,2026-02-15T03:34:05.672910
3RIMG_24JAN2026_1215_L2B_CTP_V01R00.h5,313,312,-219.29409790039062,806.771728515625,-999.0,779.9017333984375,55.00737281887441,52.46682231506513,-381.789794921875,631.994140625,52.77811911198492,58.41832555091341,13709904.678021083,2026-02-15T03:34:05.690899
3RIMG_24JAN2026_1245_L2B_CTP_V01R00.h5,313,312,-224.89076232910156,805.1607666015625,-999.0,777.4979248046875,55.33914966822315,52.7863111329565,-385.21990966796875,631.7356567382812,53.106823953469316,58.79003850249857,13709934.756378317,2026-02-15T03:34:05.709054
3RIMG_24JAN2026_1315_L2B_CTP_V01R00.h5,313,312,-224.78817749023438,804.1818237304688,-999.0,779.5992431640625,55.293069550258046,52.75866306217743,-384.45916748046875,631.6510620117188,53.07712787744736,58.78389448676988,13709964.460291734,2026-02-15T03:34:05.726005
3RIMG_24JAN2026_1345_L2B_CTP_V01R00.h5,313,312,-231.04238891601562,802.2997436523438,-999.0,777.53662109375,55.56750225280577,53.04947980666831,-388.3004150390625,631.36767578125,53.42119275825347,59.14639141476202,13709994.636090951,2026-02-15T03:34:05.744066
3RIMG_24JAN2026_1415_L2B_CTP_V01R00.h5,313,312,-231.54640197753906,800.7333374023438,-999.0,777.71484375,55.53166216105513,53.07610387482592,-387.6290588378906,631.2088623046875,53.456008847382655,59.120791349225854,13710024.5783127,2026-02-15T03:34:05.761067
3RIMG_24JAN2026_1445_L2B_CTP_V01R00.h5,313,312,-231.36712646484375,799.384033203125,-999.0,777.8663330078125,55.51937412959778,53.009543704431884,-386.5172119140625,631.1148071289062,53.458056852625546,59.111575325632835,13710054.522171218,2026-02-15T03:34:05.781119
3RIMG_24JAN2026_1515_L2B_CTP_V01R00.h5,313,312,-229.43463134765625,798.436279296875,-999.0,777.877685546875,55.41390185958876,52.916359465880234,-384.2337951660156,631.0972900390625,53.32493651183747,59.14639141476202,13710084.364998933,2026-02-15T03:34:05.801534
3RIMG_24JAN2026_1545_L2B_CTP_V01R00.h5,313,312,-233.68373107910156,796.88232421875,-999.0,777.5686645507812,55.56852625542721,53.117063979683785,-386.62744140625,630.8992919921875,53.52154501515523,59.296919800114686,13710114.229684515,2026-02-15T03:34:05.819523
3RIMG_24JAN2026_1615_L2B_CTP_V01R00.h5,313,312,-235.2243194580078,795.6195068359375,-999.0,777.9457397460938,55.71086261980831,53.189768165806505,-387.001708984375,630.7606201171875,53.60346522487097,59.44335217498157,13710144.782481283,2026-02-15T03:34:05.839533
3RIMG_24JAN2026_1645_L2B_CTP_V01R00.h5,313,312,-230.55523681640625,795.140380859375,-999.0,776.1471557617188,55.42721389366757,52.811911198492666,-382.8392639160156,630.7603759765625,53.27271237814368,59.40341607274514,13710174.387584932,2026-02-15T03:34:05.857050
3RIMG_24JAN2026_1715_L2B_CTP_V01R00.h5,313,312,-228.1057586669922,795.4512939453125,-999.0,777.0150146484375,55.23674940607848,52.64807077906119,-381.0401306152344,630.842041015625,53.09146391414762,59.226263619234864,13710204.586972468,2026-02-15T03:34:05.875052
3RIMG_24JAN2026_1745_L2B_CTP_V01R00.h5,313,312,-226.65113830566406,796.9711303710938,-999.0,777.3985595703125,55.05857294994675,52.61837470303924,-380.9438171386719,631.0159912109375,53.066887851232906,58.97538297698042,13710234.553680116,2026-02-15T03:34:05.893051
3RIMG_24JAN2026_1815_L2B_CTP_V01R00.h5,313,312,-221.54632568359375,797.6292114257812,-999.0,776.8032836914062,54.76775620545589,52.312197919226676,-377.25152587890625,631.1671142578125,52.723846973048246,58.57499795199475,13710264.525795517,2026-02-15T03:34:05.910052
3RIMG_24JAN2026_1845_L2B_CTP_V01R00.h5,313,312,-221.37364196777344,798.7664184570312,-999.0,777.4179077148438,54.68583599574015,52.235397722618174,-377.9500427246094,631.3329467773438,52.65626280003277,58.509461784222175,13710294.4507637,2026-02-15T03:34:05.928056
3RIMG_24JAN2026_1915_L2B_CTP_V01R00.h5,313,312,-222.30349731445312,798.128173828125,-999.0,777.3373413085938,54.69914802981896,52.243589743589745,-378.2383728027344,631.3234252929688,52.622470713525026,58.58216597034488,13710324.819014734,2026-02-15T03:34:05.944904
3RIMG_24JAN2026_1945_L2B_CTP_V01R00.h5,313,312,-213.39016723632812,798.7769775390625,-999.0,776.5845947265625,54.061194396657655,51.65171622839354,-371.56585693359375,631.387451171875,52.0848693372655,58.09064471205046,13710354.831713617,2026-02-15T03:34:05.962906
3RIMG_24JAN2026_2015_L2B_CTP_V01R00.h5,313,312,-209.13943481445312,798.4373168945312,-999.0,776.7687377929688,53.77652166789547,51.354755468174,-367.90985107421875,631.38330078125,51.7889325796674,57.93192430572623,13710384.644468732,2026-02-15T03:34:05.979907
3RIMG_24JAN2026_2045_L2B_CTP_V01R00.h5,313,312,-210.1453399658203,798.6251831054688,-999.0,776.7976684570312,53.79597771770296,51.397763578274756,-368.86871337890625,631.4300537109375,51.79917260588187,57.81006799377406,13710414.772129815,2026-02-15T03:34:05.997904
3RIMG_24JAN2026_2115_L2B_CTP_V01R00.h5,313,312,-213.80523681640625,798.328369140625,-999.0,776.5299072265625,53.92500204800525,51.60256410256411,-371.643798828125,631.408447265625,51.932292946669946,58.13058081428688,13710444.763731966,2026-02-15T03:34:06.015576
3RIMG_24JAN2026_2145_L2B_CTP_V01R00.h5,313,312,-207.46002197265625,798.2109375,-999.0,776.7243041992188,53.53280904399115,51.16531498320636,-366.4111633300781,631.4176635742188,51.54009994265585,57.7056197263865,13710475.097747885,2026-02-15T03:34:06.034602
3RIMG_24JAN2026_2215_L2B_CTP_V01R00.h5,313,312,-208.5000457763672,798.154541015625,-999.0,776.4172973632812,53.60346522487097,51.185795035635294,-367.26739501953125,631.4274291992188,51.59027607110674,57.71585975260096,13710504.963534933,2026-02-15T03:34:06.053121
3RIMG_24JAN2026_2245_L2B_CTP_V01R00.h5,313,312,-218.3093719482422,797.9169921875,-999.0,776.5509643554688,54.155402637830754,51.73363643810928,-375.09063720703125,631.3670654296875,52.1309494552306,58.31694929139019,13710535.032267066,2026-02-15T03:34:06.070636
3RIMG_24JAN2026_2315_L2B_CTP_V01R00.h5,313,312,-219.0869140625,797.3140869140625,-999.0,776.5224609375,54.12058654870157,51.78381256656017,-375.2981872558594,631.3111572265625,52.152453510280985,58.3609814041124,13710565.163181733,2026-02-15T03:34:06.089127
3RIMG_24JAN2026_2345_L2B_CTP_V01R00.h5,313,312,-220.6619110107422,797.921630859375,-999.0,776.6243896484375,54.27725894978291,51.90874088637667,-376.9914855957031,631.35302734375,52.24563774883264,58.369173425083964,13710595.431867117,2026-02-15T03:34:06.106224
3RIMG_25JAN2026_0015_L2B_CTP_V01R00.h5,313,312,-224.18972778320312,798.4307861328125,-999.0,778.9469604492188,54.36941918571312,52.148357499795196,-380.32501220703125,631.2828369140625,52.48423035962973,58.622102072581306,13710625.09025475,2026-02-15T03:34:06.124553
3RIMG_25JAN2026_0045_L2B_CTP_V01R00.h5,313,312,-223.97837829589844,798.8078002929688,-999.0,781.1419677734375,54.32538707299091,52.1463094945523,-380.4052734375,631.3297119140625,52.49139837797985,58.543253870729906,13710655.30972845,2026-02-15T03:34:06.141558
3RIMG_25JAN2026_0115_L2B_CTP_V01R00.h5,313,312,-229.79945373535156,799.1847534179688,-999.0,779.7269287109375,54.68378799049726,52.49447038584418,-385.49560546875,631.259521484375,52.825223232571474,58.68456623248955,13710685.075211467,2026-02-15T03:34:06.160071
3RIMG_25JAN2026_0145_L2B_CTP_V01R00.h5,313,312,-233.14073181152344,799.9906616210938,-999.0,780.5877685546875,54.871180470222,52.743303022855734,-388.85528564453125,631.2715454101562,53.066887851232906,58.77979847628409,13710715.187311584,2026-02-15T03:34:06.178072
3RIMG_25JAN2026_0215_L2B_CTP_V01R00.h5,313,312,-234.31576538085938,800.4105224609375,-999.0,776.8128051757812,54.95105267469484,52.827271237814365,-390.1603088378906,631.2901000976562,53.14573605308429,58.69992627181125,13710745.140898883,2026-02-15T03:34:06.195522
3RIMG_25JAN2026_0245_L2B_CTP_V01R00.h5,313,312,-235.2682647705078,800.6292724609375,-999.0,783.6056518554688,54.99201277955271,52.896903416072746,-391.1179504394531,631.2918090820312,53.17338412386336,58.68354222986811,13710775.406974284,2026-02-15T03:34:06.212565
3RIMG_25JAN2026_0315_L2B_CTP_V01R00.h5,313,312,-237.8255157470703,801.2034301757812,-999.0,778.587158203125,55.23470140083558,53.073031866961585,-393.7196350097656,631.2108154296875,53.356680593102325,58.68559023511101,13710805.764811033,2026-02-15T03:34:06.231548
3RIMG_25JAN2026_0345_L2B_CTP_V01R00.h5,313,312,-240.12550354003906,802.2217407226562,-999.0,779.501953125,55.36577373638076,53.273736380765136,-396.3550720214844,631.2000732421875,53.5338330466126,58.79618251822725,13710835.895409616,2026-02-15T03:34:06.248266
3RIMG_25JAN2026_0415_L2B_CTP_V01R00.h5,313,312,-245.31182861328125,802.94873046875,-999.0,785.64794921875,55.70983861718686,53.682313426722374,-401.214111328125,631.0258178710938,53.89530597198329,58.96719095600885,13710865.8857947,2026-02-15T03:34:06.265315
3RIMG_25JAN2026_0445_L2B_CTP_V01R00.h5,313,312,-245.04344177246094,803.8827514648438,-999.0,777.9425659179688,55.665806504464655,53.70176947652986,-401.65179443359375,631.0936889648438,53.9065700008192,58.89346276726468,13710896.196223633,2026-02-15T03:34:06.281302
3RIMG_25JAN2026_0515_L2B_CTP_V01R00.h5,313,312,-245.84066772460938,805.0888671875,-999.0,777.0693359375,55.73543868272303,53.862537888096995,-403.1454162597656,631.1085205078125,54.058122388793315,58.8852707462931,13710925.749381466,2026-02-15T03:34:06.299300
3RIMG_25JAN2026_0545_L2B_CTP_V01R00.h5,313,312,-244.137939453125,806.6300659179688,-999.0,777.2546997070312,55.81326288195297,53.847177848775296,-402.75537109375,631.2503662109375,54.057098386171866,58.76853444744818,13710957.2198563,2026-02-15T03:34:06.315717
3RIMG_25JAN2026_0615_L2B_CTP_V01R00.h5,313,312,-243.60887145996094,807.4774169921875,-999.0,777.2547607421875,55.91771114934054,53.8912099614975,-402.8246154785156,631.3212890625,54.11137052510855,58.76853444744818,13710985.840831349,2026-02-15T03:34:06.331749
3RIMG_25JAN2026_0645_L2B_CTP_V01R00.h5,313,312,-238.3269500732422,809.3112182617188,-999.0,777.61474609375,55.69140657000082,53.651593348078976,-399.6590576171875,631.6448974609375,53.877897927418694,58.49717375276481,13711024.020415466,2026-02-15T03:34:06.348319
3RIMG_25JAN2026_0715_L2B_CTP_V01R00.h5,313,312,-238.97427368164062,809.4306030273438,-999.0,777.6461181640625,55.80199885311706,53.73658556565905,-400.21112060546875,631.5962524414062,53.941386089948395,58.654870156467595,13711045.219234766,2026-02-15T03:34:06.366624
3RIMG_25JAN2026_0745_L2B_CTP_V01R00.h5,313,312,-237.14105224609375,809.6068725585938,-999.0,779.513427734375,55.74158269845171,53.63828131400017,-398.6849365234375,631.7789916992188,53.83796182518227,58.60367002539526,13711092.183146384,2026-02-15T03:34:06.385645
3RIMG_25JAN2026_0815_L2B_CTP_V01R00.h5,313,312,-237.33164978027344,809.28515625,-999.0,786.529296875,55.79687884000983,53.60448922749242,-398.5813903808594,631.7210693359375,53.80519374129597,58.729622347833214,13711119.957713166,2026-02-15T03:34:06.405736
3RIMG_25JAN2026_0845_L2B_CTP_V01R00.h5,313,312,-236.64649963378906,809.0482177734375,-999.0,786.8779296875,55.79483083476694,53.54714508069141,-397.8152160644531,631.7362060546875,53.74375358400918,58.76853444744818,13711143.76065845,2026-02-15T03:34:06.423755
3RIMG_25JAN2026_0915_L2B_CTP_V01R00.h5,313,312,-233.05165100097656,809.1066284179688,-999.0,784.2415161132812,55.59719832882772,53.29728844105841,-394.8264465332031,631.888916015625,53.511304988940765,58.637462111903005,13711180.544516018,2026-02-15T03:34:06.439772
3RIMG_25JAN2026_0945_L2B_CTP_V01R00.h5,313,312,-237.0666961669922,808.3358764648438,-999.0,778.9786987304688,55.86958302613255,53.46522487097567,-397.6170959472656,631.6737670898438,53.70381748177275,58.917014827557956,13711211.210348684,2026-02-15T03:34:06.457288
3RIMG_25JAN2026_1015_L2B_CTP_V01R00.h5,313,312,-234.60391235351562,808.0535888671875,-999.0,780.0507202148438,55.74158269845171,53.27271237814368,-395.3455810546875,631.7481689453125,53.49287294175473,58.833046612599325,13711225.535365116,2026-02-15T03:34:06.475408
3RIMG_25JAN2026_1045_L2B_CTP_V01R00.h5,313,312,-236.76568603515625,806.38134765625,-999.0,777.1051635742188,55.7589907430163,53.28807241746539,-396.04473876953125,631.5596313476562,53.51744900466945,58.91906283280085,13711260.396836083,2026-02-15T03:34:06.493991
3RIMG_25JAN2026_1115_L2B_CTP_V01R00.h5,313,312,-240.33787536621094,804.5355224609375,-999.0,776.353271484375,55.879823052347014,53.4089047267961,-397.739990234375,631.3358154296875,53.63111329565003,59.098263291554034,13711284.984296449,2026-02-15T03:34:06.513013
3RIMG_25JAN2026_1145_L2B_CTP_V01R00.h5,313,312,-241.65866088867188,803.2086181640625,-999.0,778.1646118164062,55.88084705496846,53.41402473990333,-397.9521484375,631.1903076171875,53.63828131400017,59.22114360612763,13711314.556584716,2026-02-15T03:34:06.531093
3RIMG_25JAN2026_1215_L2B_CTP_V01R00.h5,313,312,-243.4134063720703,801.8655395507812,-999.0,778.14892578125,55.82862292127467,53.475464897190136,-398.5216369628906,631.0443725585938,53.673097403129354,59.15560743835504,13711344.717102682,2026-02-15T03:34:06.548855
3RIMG_25JAN2026_1245_L2B_CTP_V01R00.h5,313,312,-246.79051208496094,800.2630004882812,-999.0,777.9213256835938,56.03444744818547,53.66183337429343,-400.2213439941406,630.8111572265625,53.862537888096995,59.40341607274514,13711374.773836967,2026-02-15T03:34:06.566857
3RIMG_25JAN2026_1315_L2B_CTP_V01R00.h5,313,312,-251.31854248046875,799.1220092773438,-999.0,777.7899780273438,56.24539198820349,53.92397804538379,-403.2581787109375,630.5574340820312,54.15028262472352,59.578520521012535,13711404.55234975,2026-02-15T03:34:06.584866
3RIMG_25JAN2026_1345_L2B_CTP_V01R00.h5,313,312,-249.99676513671875,798.1766357421875,-999.0,777.2962036132812,56.16859179159499,53.867657901204225,-401.5251770019531,630.5254516601562,54.11239452772999,59.57954452363398,13711434.638594333,2026-02-15T03:34:06.603051
3RIMG_25JAN2026_1415_L2B_CTP_V01R00.h5,313,312,-251.95162963867188,796.4715576171875,-999.0,776.3367919921875,56.24743999344638,53.990538215777825,-401.94256591796875,630.3334350585938,54.24961087900385,59.64508069140657,13711464.518208299,2026-02-15T03:34:06.621050
3RIMG_25JAN2026_1445_L2B_CTP_V01R00.h5,313,312,-256.1786193847656,795.0137329101562,-999.0,776.2208251953125,56.50548865405095,54.240394855410834,-404.4906311035156,630.0601196289062,54.47386745310068,59.97992954861965,13711494.469070284,2026-02-15T03:34:06.639056
3RIMG_25JAN2026_1515_L2B_CTP_V01R00.h5,313,312,-253.98292541503906,793.990234375,-999.0,776.4071044921875,56.40206438928483,54.12161055132301,-401.9087829589844,630.0745239257812,54.40935528794954,59.84783321045302,13711524.5783635,2026-02-15T03:34:06.657609
3RIMG_25JAN2026_1545_L2B_CTP_V01R00.h5,313,312,-257.88702392578125,792.50634765625,-999.0,776.1920776367188,56.624272958138775,54.324363070369465,-404.1538391113281,629.8373413085938,54.66842795117556,60.07516179241419,13711554.052479317,2026-02-15T03:34:06.673609
3RIMG_25JAN2026_1615_L2B_CTP_V01R00.h5,313,312,-259.8236999511719,791.3015747070312,-999.0,776.0864868164062,56.74203325960514,54.42778733513558,-404.95703125,629.6729736328125,54.72884410584091,60.22773818300975,13711584.532605117,2026-02-15T03:34:06.690626
3RIMG_25JAN2026_1645_L2B_CTP_V01R00.h5,313,312,-255.6787567138672,791.138671875,-999.0,777.8095092773438,56.539280740558695,54.164618661423766,-401.366455078125,629.7574462890625,54.51073154747276,60.19906610960925,13711614.8826212,2026-02-15T03:34:06.706610
3RIMG_25JAN2026_1715_L2B_CTP_V01R00.h5,313,312,-257.87481689453125,790.7831420898438,-999.0,776.1806030273438,56.660113049889404,54.28237896289014,-402.97100830078125,629.6553344726562,54.60698779388875,60.246170230195794,13711644.934498532,2026-02-15T03:34:06.723609
3RIMG_25JAN2026_1745_L2B_CTP_V01R00.h5,313,312,-255.77597045898438,791.9488525390625,-999.0,776.2752075195312,56.537232735315804,54.152330629966414,-401.98614501953125,629.8284912109375,54.49025149504383,60.09666584746457,13711674.081471266,2026-02-15T03:34:06.740644
3RIMG_25JAN2026_1815_L2B_CTP_V01R00.h5,313,312,-254.11094665527344,792.083984375,-999.0,775.9456787109375,56.34164823461948,54.08679446219382,-400.70599365234375,629.9219970703125,54.38989923814205,59.852953223560256,13711705.128566617,2026-02-15T03:34:06.756972
3RIMG_25JAN2026_1845_L2B_CTP_V01R00.h5,313,312,-253.0435791015625,792.765625,-999.0,776.0010375976562,56.31195215859752,53.98746620791349,-400.2828369140625,630.0426025390625,54.30388301794052,59.72290489063652,13711734.897853116,2026-02-15T03:34:06.772972
3RIMG_25JAN2026_1945_L2B_CTP_V01R00.h5,313,312,-252.9231414794922,792.1736450195312,-999.0,776.2614135742188,56.19316785450971,53.9546981240272,-399.89202880859375,629.9605102539062,54.235274842303596,59.73519292209388,13711794.773755167,2026-02-15T03:34:06.789364
3RIMG_25JAN2026_2015_L2B_CTP_V01R00.h5,313,312,-249.395263671875,791.820556640625,-999.0,776.24072265625,55.97710330138446,53.71303350536577,-396.6562194824219,630.0703125,53.990538215777825,59.71471286966494,13711824.901123416,2026-02-15T03:34:06.808067
3RIMG_25JAN2026_2045_L2B_CTP_V01R00.h5,313,312,-249.5331573486328,791.91455078125,-999.0,775.8638305664062,55.943311214876715,53.70996149750143,-396.83172607421875,630.0936889648438,54.01818628655689,59.532440403047424,13711855.684361568,2026-02-15T03:34:06.826213
3RIMG_25JAN2026_2115_L2B_CTP_V01R00.h5,313,312,-249.5243377685547,791.7298583984375,-999.0,776.1670532226562,55.87879904972557,53.64442532972884,-396.6907653808594,630.098388671875,53.966986155484555,59.583640534119766,13711885.3089416,2026-02-15T03:34:06.845727
3RIMG_25JAN2026_2145_L2B_CTP_V01R00.h5,313,312,-250.01495361328125,791.2001342773438,-999.0,775.7810668945312,55.97915130662735,53.65056934545752,-396.69342041015625,630.0448608398438,53.98029818956337,59.87650528385353,13711915.273511818,2026-02-15T03:34:06.862726
3RIMG_25JAN2026_2215_L2B_CTP_V01R00.h5,313,312,-245.6400909423828,791.0216674804688,-999.0,776.0311889648438,55.655566478250186,53.34029655115917,-392.91455078125,630.1727294921875,53.63623330875728,59.587736544605555,13711945.063720949,2026-02-15T03:34:06.880725
3RIMG_25JAN2026_2245_L2B_CTP_V01R00.h5,313,312,-250.94711303710938,790.8154296875,-999.0,775.7644653320312,55.964815269927094,53.662857376914886,-397.22552490234375,630.0052490234375,54.02125829442124,59.93180142541165,13711974.885363167,2026-02-15T03:34:06.898726
3RIMG_25JAN2026_2315_L2B_CTP_V01R00.h5,313,312,-249.59979248046875,790.7562255859375,-999.0,775.7176513671875,55.81940689768166,53.49901695748341,-396.07940673828125,630.0523681640625,53.88813795363316,59.93077742279021,13712005.426358683,2026-02-15T03:34:06.916728
3RIMG_25JAN2026_2345_L2B_CTP_V01R00.h5,313,312,-248.76181030273438,791.364501953125,-999.0,775.7285766601562,55.78459080855247,53.50925698369788,-395.784912109375,630.1151123046875,53.84615384615385,59.85192922093881,13712035.408174,2026-02-15T03:34:06.934731
3RIMG_26JAN2026_0015_L2B_CTP_V01R00.h5,313,312,-248.91879272460938,792.1709594726562,-999.0,776.3174438476562,55.78459080855247,53.60960924059965,-396.5589294433594,630.0946655273438,53.92909805849103,59.868313262881955,13712065.632399168,2026-02-15T03:34:06.953279
3RIMG_26JAN2026_0045_L2B_CTP_V01R00.h5,313,312,-252.17466735839844,792.5304565429688,-999.0,776.2581176757812,56.02420742197099,53.853321864503975,-399.55450439453125,630.017578125,54.20148275579586,60.02805767182764,13712095.28505625,2026-02-15T03:34:06.970279
3RIMG_26JAN2026_0115_L2B_CTP_V01R00.h5,313,312,-253.75286865234375,793.113037109375,-999.0,776.0453491210938,56.156303760137625,53.92090603751946,-401.3084716796875,629.993896484375,54.26497091832555,59.99938559842713,13712125.693775516,2026-02-15T03:34:06.987279
3RIMG_26JAN2026_0145_L2B_CTP_V01R00.h5,313,312,-259.21563720703125,793.7589721679688,-999.0,778.9606323242188,56.61300892930286,54.328459080855254,-406.3921203613281,629.7890625,54.67354796428279,60.21442614893095,13712155.547049068,2026-02-15T03:34:07.003277
3RIMG_26JAN2026_0215_L2B_CTP_V01R00.h5,313,312,-265.57318115234375,793.5339965820312,-999.0,778.9019775390625,57.06254608011796,54.745228147784054,-411.6618347167969,629.4718017578125,55.065740968296886,60.48681084623576,13712184.939450117,2026-02-15T03:34:07.021679
3RIMG_26JAN2026_0245_L2B_CTP_V01R00.h5,313,312,-268.5561218261719,793.7706909179688,-999.0,778.1348266601562,57.301138690915046,54.93364463013025,-414.40673828125,629.3199462890625,55.281805521422136,60.70492340460392,13712215.242893066,2026-02-15T03:34:07.038693
3RIMG_26JAN2026_0315_L2B_CTP_V01R00.h5,313,312,-266.8902587890625,795.1546630859375,-999.0,777.9340209960938,57.24072253624969,54.904972556729746,-413.95068359375,629.4473876953125,55.25313344802163,60.456090767592364,13712245.447202083,2026-02-15T03:34:07.056203
3RIMG_26JAN2026_0345_L2B_CTP_V01R00.h5,313,312,-265.8627624511719,796.4000854492188,-999.0,778.2168579101562,57.29499467518637,54.904972556729746,-413.8892517089844,629.5647583007812,55.27361350045056,60.52981895633652,13712275.362526383,2026-02-15T03:34:07.074209
3RIMG_26JAN2026_0415_L2B_CTP_V01R00.h5,313,312,-269.45281982421875,797.2847900390625,-999.0,778.15869140625,57.6114114852134,55.213197345785204,-417.5859375,629.3470458984375,55.589006307856145,60.68649135741787,13712305.905378316,2026-02-15T03:34:07.091217
3RIMG_26JAN2026_0445_L2B_CTP_V01R00.h5,313,312,-265.8033142089844,798.7594604492188,-999.0,777.800048828125,57.434259031703114,55.04526091586794,-415.4350280761719,629.6605834960938,55.381133775702466,60.39567461292701,13712335.261381216,2026-02-15T03:34:07.108203
3RIMG_26JAN2026_0515_L2B_CTP_V01R00.h5,313,312,-270.63641357421875,799.652099609375,-999.0,778.4432373046875,57.81621200950274,55.40673384123863,-420.1463928222656,629.3955688476562,55.7303186696158,60.642459244695665,13712365.81559115,2026-02-15T03:34:07.126415
3RIMG_26JAN2026_0545_L2B_CTP_V01R00.h5,313,312,-270.8456115722656,800.8724365234375,-999.0,781.5856323242188,57.88789219300401,55.43335790939625,-421.130859375,629.4534301757812,55.776398787580895,60.61583517653805,13712396.115877884,2026-02-15T03:34:07.142419
3RIMG_26JAN2026_0615_L2B_CTP_V01R00.h5,313,312,-269.81951904296875,802.3494262695312,-999.0,778.8104858398438,57.96674039485541,55.47329401163267,-421.1540832519531,629.5982055664062,55.80404685835995,60.55849102973704,13712425.5011462,2026-02-15T03:34:07.160935
3RIMG_26JAN2026_0645_L2B_CTP_V01R00.h5,313,312,-262.6275939941406,804.920654296875,-999.0,781.7141723632812,57.61653149832063,55.07905300237569,-416.7346496582031,630.2039794921875,55.44359793561071,60.079257802899974,13712461.376820816,2026-02-15T03:34:07.176996
3RIMG_26JAN2026_0715_L2B_CTP_V01R00.h5,313,312,-258.288818359375,805.8650512695312,-999.0,777.9480590820312,57.43118702383878,54.84558040468583,-413.64666748046875,630.4764404296875,55.169165233063,59.94920946997624,13712487.229062716,2026-02-15T03:34:07.193996
3RIMG_26JAN2026_0745_L2B_CTP_V01R00.h5,313,312,-246.7668914794922,807.6805419921875,-999.0,779.989501953125,56.77377734086999,54.162570656180876,-405.1177978515625,631.2330932617188,54.49639551077251,59.32866388137954,13712532.18322335,2026-02-15T03:34:07.209996
3RIMG_26JAN2026_0815_L2B_CTP_V01R00.h5,313,312,-250.57130432128906,806.9199829101562,-999.0,779.5137939453125,56.98164987302368,54.37351519619891,-407.7108154296875,631.0533447265625,54.67559596952568,59.53960842139756,13712556.828310033,2026-02-15T03:34:07.226996
3RIMG_26JAN2026_0845_L2B_CTP_V01R00.h5,313,312,-252.1096954345703,806.0769653320312,-999.0,781.308837890625,57.02670598836733,54.418571311542564,-408.4071960449219,630.9449462890625,54.68378799049726,59.693208814614565,13712593.587837733,2026-02-15T03:34:07.244031
3RIMG_26JAN2026_0915_L2B_CTP_V01R00.h5,313,312,-247.28475952148438,806.2918090820312,-999.0,781.5891723632812,56.68366511018268,54.11546653559434,-404.4569091796875,631.208740234375,54.37044318833456,59.36040796264438,13712623.146887733,2026-02-15T03:34:07.261989
3RIMG_26JAN2026_0945_L2B_CTP_V01R00.h5,313,312,-247.302734375,805.3453369140625,-999.0,781.1708374023438,56.57000081920209,54.02433030228557,-403.888671875,631.0977783203125,54.339723109691164,59.41365609895961,13712643.685402166,2026-02-15T03:34:07.279559
3RIMG_26JAN2026_1015_L2B_CTP_V01R00.h5,313,312,-246.28472900390625,804.6905517578125,-999.0,781.0322875976562,56.455312525600064,53.88404194314737,-402.5525817871094,631.1259765625,54.172810682395344,59.310231834193495,13712667.72911605,2026-02-15T03:34:07.297818
3RIMG_26JAN2026_1045_L2B_CTP_V01R00.h5,313,312,-242.58326721191406,804.0458984375,-999.0,784.6138916015625,56.18702383878102,53.57581715409191,-399.04107666015625,631.2406616210938,53.86663389858278,59.15970344884083,13712697.040261533,2026-02-15T03:34:07.315160
3RIMG_26JAN2026_1115_L2B_CTP_V01R00.h5,313,312,-251.45199584960938,801.8159790039062,-999.0,779.8526611328125,56.67342508396821,54.025354304907026,-404.9747009277344,630.7094116210938,54.340747112312606,59.708568853936264,13712725.2518181,2026-02-15T03:34:07.333165
3RIMG_26JAN2026_1145_L2B_CTP_V01R00.h5,313,312,-254.13768005371094,800.647705078125,-999.0,778.9441528320312,56.75534529368396,54.16973867453101,-406.4361572265625,630.5042114257812,54.446219382321615,59.81506512656672,13712754.818684984,2026-02-15T03:34:07.350681
3RIMG_26JAN2026_1215_L2B_CTP_V01R00.h5,313,312,-257.4754943847656,799.6035766601562,-999.0,778.8485107421875,56.95400180224461,54.3755632014418,-408.6005859375,630.2701416015625,54.59367575980995,59.963545506676496,13712784.8950568,2026-02-15T03:34:07.368705
3RIMG_26JAN2026_1245_L2B_CTP_V01R00.h5,313,312,-259.6828918457031,798.0291748046875,-999.0,779.6180419921875,57.05845006963218,54.452363398050295,-409.3677062988281,630.0741577148438,54.74420414516261,60.17346604407307,13712814.699456984,2026-02-15T03:34:07.384704
3RIMG_26JAN2026_1315_L2B_CTP_V01R00.h5,313,312,-265.5401916503906,796.7679443359375,-999.0,780.0972900390625,57.3461948062587,54.86196444662899,-413.5160827636719,629.6957397460938,55.13230113869092,60.48066683050709,13712844.517996185,2026-02-15T03:34:07.401704
3RIMG_26JAN2026_1345_L2B_CTP_V01R00.h5,313,312,-266.8847351074219,795.9053344726562,-999.0,778.7354736328125,57.402514950438274,54.96948472188089,-414.1070556640625,629.540771484375,55.2633734742361,60.61481117391661,13712874.516106317,2026-02-15T03:34:07.418704
3RIMG_26JAN2026_1415_L2B_CTP_V01R00.h5,313,312,-268.0458679199219,794.7521362304688,-999.0,778.0480346679688,57.482387154911116,55.0442369132465,-414.3135986328125,629.4105834960938,55.3534857049234,60.68341934955354,13712904.632784951,2026-02-15T03:34:07.434708
3RIMG_26JAN2026_1445_L2B_CTP_V01R00.h5,313,312,-268.118896484375,793.73486328125,-999.0,776.3524169921875,57.575571393462766,55.05447693946096,-413.6532287597656,629.3572387695312,55.34734168919473,60.76021954616204,13712934.571775716,2026-02-15T03:34:07.451378
3RIMG_26JAN2026_1515_L2B_CTP_V01R00.h5,313,312,-265.99609375,793.0772094726562,-999.0,776.2998657226562,57.490579175882694,54.90599655935119,-411.39422607421875,629.42578125,55.207053330056524,60.68341934955354,13712964.688538633,2026-02-15T03:34:07.468418
3RIMG_26JAN2026_1545_L2B_CTP_V01R00.h5,313,312,-268.3186950683594,791.8659057617188,-999.0,776.281005859375,57.52641926763332,55.025804866060454,-412.5042724609375,629.2844848632812,55.34426968133038,60.69877938887524,13712994.891368782,2026-02-15T03:34:07.485377
3RIMG_26JAN2026_1615_L2B_CTP_V01R00.h5,313,312,-267.08154296875,790.582275390625,-999.0,776.555419921875,57.47726714180388,54.92852461702302,-410.5494689941406,629.2570190429688,55.25722945850742,60.68137134431064,13713024.729424467,2026-02-15T03:34:07.502518
3RIMG_26JAN2026_1645_L2B_CTP_V01R00.h5,313,312,-259.5707702636719,790.6260986328125,-999.0,782.38916015625,57.016465962152864,54.49946751863685,-404.2278137207031,629.5408935546875,54.83841238633571,60.53391496682231,13713054.887077099,2026-02-15T03:34:07.519518
3RIMG_26JAN2026_1715_L2B_CTP_V01R00.h5,313,312,-259.7976379394531,790.8526000976562,-999.0,779.4591674804688,56.99291390185959,54.50663553698697,-404.6101379394531,629.562255859375,54.833292373228474,60.467354796428275,13713084.873188533,2026-02-15T03:34:07.535561
3RIMG_26JAN2026_1745_L2B_CTP_V01R00.h5,313,312,-248.35940551757812,793.1737670898438,-999.0,779.6982421875,56.33345621364791,53.79392971246006,-396.5981750488281,630.145263671875,54.14311460637339,59.866265257639064,13713114.984214418,2026-02-15T03:34:07.553095
3RIMG_26JAN2026_1815_L2B_CTP_V01R00.h5,313,312,-249.3623809814453,793.1994018554688,-999.0,779.753173828125,56.36622429753421,53.81645777013189,-397.4687194824219,630.137451171875,54.1236585565659,59.84168919472433,13713144.6938824,2026-02-15T03:34:07.571099
3RIMG_26JAN2026_1845_L2B_CTP_V01R00.h5,313,312,-247.4694061279297,794.3427124023438,-999.0,780.231201171875,56.21569591218154,53.61882526419267,-396.7040710449219,630.3531494140625,53.940362087326946,59.6829687884001,13713174.8102585,2026-02-15T03:34:07.588094
3RIMG_26JAN2026_1915_L2B_CTP_V01R00.h5,313,312,-245.56619262695312,794.2286987304688,-999.0,779.4334716796875,56.01191939051364,53.43348078971082,-395.0987854003906,630.44970703125,53.71200950274433,59.4966003112968,13713204.770729834,2026-02-15T03:34:07.604095
3RIMG_26JAN2026_1945_L2B_CTP_V01R00.h5,313,312,-241.49758911132812,795.0667114257812,-999.0,777.439697265625,55.74772671418039,53.15188006881297,-392.369873046875,630.5997924804688,53.392520684852954,59.08290325223232,13713235.287365584,2026-02-15T03:34:07.621134
3RIMG_26JAN2026_2015_L2B_CTP_V01R00.h5,313,312,-239.98779296875,794.5580444335938,-999.0,782.840087890625,55.688334562136475,52.999303678217416,-390.709716796875,630.6177368164062,53.304456459408534,59.23240763496354,13713265.2659744,2026-02-15T03:34:07.639491
3RIMG_26JAN2026_2045_L2B_CTP_V01R00.h5,313,312,-242.6787872314453,794.5962524414062,-999.0,777.392578125,55.85627099205374,53.11603997706234,-393.0239562988281,630.5657348632812,53.42119275825347,59.298967805357584,13713295.06327125,2026-02-15T03:34:07.656004
3RIMG_26JAN2026_2115_L2B_CTP_V01R00.h5,313,312,-240.0154266357422,794.7401733398438,-999.0,777.01025390625,55.71905464077989,52.94605554190219,-390.8962097167969,630.65478515625,53.2378962890145,59.11976734660441,13713325.082543649,2026-02-15T03:34:07.674189
3RIMG_26JAN2026_2145_L2B_CTP_V01R00.h5,313,312,-242.03944396972656,794.794677734375,-999.0,776.4536743164062,55.79278282952404,53.075079872204476,-392.6158752441406,630.6151123046875,53.396616695338736,59.34811993118703,13713354.601903433,2026-02-15T03:34:07.691185
3RIMG_26JAN2026_2215_L2B_CTP_V01R00.h5,313,312,-238.025634765625,795.5292358398438,-999.0,777.1333618164062,55.51630212173343,52.86413533218644,-389.84857177734375,630.745361328125,53.172360121241915,59.03989514213156,13713385.574608617,2026-02-15T03:34:07.708230
3RIMG_26JAN2026_2245_L2B_CTP_V01R00.h5,313,312,-241.33163452148438,795.5706176757812,-999.0,777.7510986328125,55.71700663553699,53.10067993774064,-392.60064697265625,630.6582641601562,53.43245678708938,59.36655197837306,13713415.62094135,2026-02-15T03:34:07.725277
3RIMG_26JAN2026_2315_L2B_CTP_V01R00.h5,313,312,-241.02735900878906,795.8156127929688,-999.0,778.0205078125,55.70574260670107,53.12525600065536,-392.51544189453125,630.6692504882812,53.47444089456869,59.33378389448677,13713445.752245033,2026-02-15T03:34:07.742283
3RIMG_26JAN2026_2345_L2B_CTP_V01R00.h5,313,312,-240.24742126464844,796.7164916992188,-999.0,777.6539916992188,55.65659048087163,53.12320799541247,-392.4878234863281,630.762451171875,53.41914475301057,59.28155976079299,13713475.36789885,2026-02-15T03:34:07.759807
3RIMG_27JAN2026_0015_L2B_CTP_V01R00.h5,313,312,-244.4124755859375,797.237060546875,-999.0,782.3556518554688,55.89825509953306,53.374088637666915,-396.411376953125,630.6275634765625,53.70893749487998,59.52424838207586,13713505.269011283,2026-02-15T03:34:07.777807
3RIMG_27JAN2026_0045_L2B_CTP_V01R00.h5,313,312,-248.525390625,797.6453247070312,-999.0,780.9957275390625,56.1010076185795,53.683337429343815,-400.15850830078125,630.49853515625,53.99258622102072,59.65532071762104,13713535.258600283,2026-02-15T03:34:07.793808
3RIMG_27JAN2026_0115_L2B_CTP_V01R00.h5,313,312,-255.013427734375,798.1287231445312,-999.0,778.6190185546875,56.451216515114275,54.11751454083722,-405.9481506347656,630.2650756835938,54.45543540591464,59.9174653887114,13713565.689349983,2026-02-15T03:34:07.810823
3RIMG_27JAN2026_0145_L2B_CTP_V01R00.h5,313,312,-258.65643310546875,798.7438354492188,-999.0,790.9158935546875,56.63246497911034,54.37658720406324,-409.5119323730469,630.1192626953125,54.67866797739003,59.967641517162285,13713595.448273433,2026-02-15T03:34:07.830836
3RIMG_27JAN2026_0215_L2B_CTP_V01R00.h5,313,312,-263.55023193359375,798.85205078125,-999.0,790.9522094726562,56.95604980748751,54.731916113705246,-413.7337646484375,629.8687744140625,55.014540837224544,60.29634635864668,13713625.281175382,2026-02-15T03:34:07.848933
3RIMG_27JAN2026_0245_L2B_CTP_V01R00.h5,313,312,-262.77313232421875,799.527587890625,-999.0,789.2192993164062,56.918161710493976,54.719628082247894,-413.52679443359375,629.9485473632812,55.02785287130335,60.17039403620873,13713655.650871783,2026-02-15T03:34:07.864933
3RIMG_27JAN2026_0315_L2B_CTP_V01R00.h5,313,312,-260.15594482421875,800.9586181640625,-999.0,791.6961669921875,56.81576144834931,54.63565986728926,-412.2720642089844,630.1429443359375,54.92135659867289,59.864217252396166,13713685.889361084,2026-02-15T03:34:07.882932
3RIMG_27JAN2026_0345_L2B_CTP_V01R00.h5,313,312,-266.6162414550781,801.1664428710938,-999.0,794.0380249023438,57.26734660440731,55.035020889653474,-417.9116516113281,629.7798461914062,55.41185385434587,60.28508232981077,13713715.966179732,2026-02-15T03:34:07.900330
3RIMG_27JAN2026_0415_L2B_CTP_V01R00.h5,313,312,-268.2362060546875,802.11865234375,-999.0,784.344482421875,57.484435160154014,55.230605390349794,-419.9355163574219,629.6981811523438,55.577742279020235,60.30044236913247,13713746.314761883,2026-02-15T03:34:07.916331
3RIMG_27JAN2026_0445_L2B_CTP_V01R00.h5,313,312,-264.4559326171875,803.4353637695312,-999.0,777.3412475585938,57.36053084295896,55.06676497091833,-417.60284423828125,629.9963989257812,55.36270172851643,59.980953551241086,13713777.823517416,2026-02-15T03:34:07.932335
3RIMG_27JAN2026_0515_L2B_CTP_V01R00.h5,313,312,-263.02032470703125,804.9031982421875,-999.0,776.9630126953125,57.36257884820185,55.02785287130335,-417.3729553222656,630.1549682617188,55.34324567870894,59.856025231424596,13713809.069111018,2026-02-15T03:34:07.948879
3RIMG_27JAN2026_0545_L2B_CTP_V01R00.h5,313,312,-261.20361328125,806.5091552734375,-999.0,782.5565185546875,57.35029081674449,55.00634881625297,-416.8702392578125,630.3489990234375,55.297165560743835,59.74338494306546,13713854.994560333,2026-02-15T03:34:07.966846
3RIMG_27JAN2026_0615_L2B_CTP_V01R00.h5,313,312,-259.0488586425781,807.7423706054688,-999.0,781.5623779296875,57.301138690915046,54.97972474809536,-415.7718200683594,630.591064453125,55.27258949782912,59.62972065208487,13713891.567374434,2026-02-15T03:34:07.983843
3RIMG_27JAN2026_0645_L2B_CTP_V01R00.h5,313,312,-256.5591125488281,809.2653198242188,-999.0,780.961181640625,57.16801835012698,54.89268452527239,-414.66522216796875,630.8397827148438,55.203981322192185,59.41263209633817,13713926.970800199,2026-02-15T03:34:07.999846
3RIMG_27JAN2026_0715_L2B_CTP_V01R00.h5,313,312,-251.6224365234375,810.6363525390625,-999.0,788.1720581054688,56.91508970262964,54.70119603506185,-411.4085388183594,631.1663208007812,54.97870074547391,59.222167608749075,13713941.927801166,2026-02-15T03:34:08.016846
3RIMG_27JAN2026_0745_L2B_CTP_V01R00.h5,313,312,-248.05943298339844,811.1390991210938,-999.0,782.3653564453125,56.77480134349145,54.50663553698697,-408.689697265625,631.4205932617188,54.813836323420986,59.11362333087573,13713995.831415402,2026-02-15T03:34:08.031996
3RIMG_27JAN2026_0815_L2B_CTP_V01R00.h5,313,312,-249.38719177246094,810.7381591796875,-999.0,788.5707397460938,56.94888178913738,54.57114770213811,-409.4706726074219,631.339599609375,54.86810846235767,59.31842385516507,13714015.078021033,2026-02-15T03:34:08.049504
3RIMG_27JAN2026_0845_L2B_CTP_V01R00.h5,313,312,-248.6510772705078,810.5479125976562,-999.0,791.1766967773438,56.93659375768002,54.549643647087734,-408.68743896484375,631.3245239257812,54.856844433521744,59.44335217498157,13714037.758956166,2026-02-15T03:34:08.064518
3RIMG_27JAN2026_0915_L2B_CTP_V01R00.h5,313,312,-246.70590209960938,809.9735107421875,-999.0,791.2681274414062,56.86900958466453,54.38375522241336,-406.62579345703125,631.3597412109375,54.7329401163267,59.44540018022446,13714071.160244316,2026-02-15T03:34:08.082990
3RIMG_27JAN2026_0945_L2B_CTP_V01R00.h5,313,312,-244.97320556640625,809.6162109375,-999.0,782.5938110351562,56.70516916523306,54.23937085278938,-404.9535827636719,631.3756103515625,54.59572376505284,59.4310641435242,13714112.0087012,2026-02-15T03:34:08.100044
3RIMG_27JAN2026_1015_L2B_CTP_V01R00.h5,313,312,-249.92578125,808.0889282226562,-999.0,781.1602783203125,57.04206602768903,54.44417137707872,-408.02215576171875,631.0140380859375,54.78926026050627,59.84988121569591,13714112.428290648,2026-02-15T03:34:08.118042
3RIMG_27JAN2026_1045_L2B_CTP_V01R00.h5,313,312,-249.61724853515625,807.1682739257812,-999.0,778.8812255859375,57.029777996231665,54.341771114934055,-407.1233825683594,630.9743041992188,54.65613991971819,59.95535348570492,13714155.803937634,2026-02-15T03:34:08.134360
3RIMG_27JAN2026_1115_L2B_CTP_V01R00.h5,313,312,-255.1433868408203,805.0879516601562,-999.0,778.642578125,57.35131481936594,54.59162775456705,-410.3634948730469,630.5348510742188,54.912140575079874,60.326042434668636,13714166.7240736,2026-02-15T03:34:08.151870
3RIMG_27JAN2026_1145_L2B_CTP_V01R00.h5,313,312,-258.5068664550781,803.5257568359375,-999.0,800.9925537109375,57.54280330957647,54.751372163512734,-412.0966796875,630.2599487304688,55.14049315966248,60.61481117391661,13714195.11907945,2026-02-15T03:34:08.170832
3RIMG_27JAN2026_1215_L2B_CTP_V01R00.h5,313,312,-263.67657470703125,801.8688354492188,-999.0,815.9637451171875,57.781395920373555,55.05038092897517,-415.3686828613281,629.876220703125,55.39034979929549,60.728475464897194,13714224.312371766,2026-02-15T03:34:08.186830
3RIMG_27JAN2026_1245_L2B_CTP_V01R00.h5,313,312,-265.9322509765625,800.5870361328125,-999.0,814.0147705078125,57.95240435815515,55.20807733267797,-416.411865234375,629.6463623046875,55.593102318341934,60.99164413860899,13714254.766751284,2026-02-15T03:34:08.203832
3RIMG_27JAN2026_1315_L2B_CTP_V01R00.h5,313,312,-268.2490234375,799.4462280273438,-999.0,816.8162841796875,58.07323666748587,55.35450970754485,-417.5926818847656,629.4212646484375,55.76820676660932,61.236380765134754,13714284.613776317,2026-02-15T03:34:08.220853
3RIMG_27JAN2026_1345_L2B_CTP_V01R00.h5,313,312,-272.4572448730469,797.7451171875,-999.0,779.2833251953125,58.40808552469894,55.6361104284427,-419.988525390625,629.0177612304688,56.054927500614404,61.67874989759974,13714314.574887466,2026-02-15T03:34:08.237092
3RIMG_27JAN2026_1415_L2B_CTP_V01R00.h5,313,312,-273.95343017578125,796.3262939453125,-999.0,779.2674560546875,58.553493896944374,55.74772671418039,-420.2833557128906,628.8163452148438,56.182927828295234,61.865118374703044,13714344.710472649,2026-02-15T03:34:08.254609
3RIMG_27JAN2026_1445_L2B_CTP_V01R00.h5,313,312,-272.2564392089844,795.5599975585938,-999.0,779.6093139648438,58.463381666257064,55.60129433931351,-418.2465515136719,628.8762817382812,56.04980748750717,61.93782256082575,13714374.517562317,2026-02-15T03:34:08.272101
3RIMG_27JAN2026_1515_L2B_CTP_V01R00.h5,313,312,-272.2132873535156,794.6077880859375,-999.0,778.2146606445312,58.4992217580077,55.57979028426313,-417.5440368652344,628.8089599609375,56.060047513721635,62.153887113951015,13714404.661553884,2026-02-15T03:34:08.289101
3RIMG_27JAN2026_1545_L2B_CTP_V01R00.h5,313,312,-276.1663818359375,793.066650390625,-999.0,779.3441772460938,58.72859834521177,55.81121487671008,-419.8420104980469,628.5349731445312,56.28225608257558,62.344351601540104,13714434.605018716,2026-02-15T03:34:08.306155
3RIMG_27JAN2026_1615_L2B_CTP_V01R00.h5,313,312,-274.7932434082031,791.7015991210938,-999.0,778.9111328125,58.60059801753093,55.694478577865155,-417.703857421875,628.5226440429688,56.20545588596707,62.27779143114607,13714463.994056433,2026-02-15T03:34:08.323120
3RIMG_27JAN2026_1645_L2B_CTP_V01R00.h5,313,312,,,,,99.9979519947571,99.9979519947571,0.0,0.0,100.0,100.0,13714494.074157333,2026-02-15T03:34:08.337131
3RIMG_27JAN2026_1715_L2B_CTP_V01R00.h5,313,312,-270.9462585449219,791.1552124023438,-999.0,778.4589233398438,58.37326943556975,55.53166216105513,-414.0205993652344,628.6893310546875,56.01191939051364,62.04124682559188,13714525.428049333,2026-02-15T03:34:08.355645
3RIMG_27JAN2026_1745_L2B_CTP_V01R00.h5,313,312,-269.2037658691406,792.5966186523438,-999.0,778.5718994140625,58.249365118374705,55.493774064061604,-413.5462951660156,628.8375244140625,56.01908740886377,61.93987056606864,13714555.250882018,2026-02-15T03:34:08.372645
3RIMG_27JAN2026_1815_L2B_CTP_V01R00.h5,313,312,-268.2237854003906,793.0128784179688,-999.0,779.0611572265625,58.22171704759565,55.46510199066109,-413.0099792480469,628.9213256835938,55.9914393380847,61.85590235111002,13714585.160795,2026-02-15T03:34:08.388648
3RIMG_27JAN2026_1845_L2B_CTP_V01R00.h5,313,312,-266.320068359375,794.1110229492188,-999.0,782.816650390625,58.036372573113795,55.285901531907925,-412.1849060058594,629.1312255859375,55.84091095273204,61.62857376914885,13714616.579556484,2026-02-15T03:34:08.405431
3RIMG_27JAN2026_1915_L2B_CTP_V01R00.h5,313,312,-263.2738952636719,794.007568359375,-999.0,783.1146850585938,57.874580158925205,55.07598099451134,-409.50433349609375,629.3186645507812,55.650446465142956,61.47497337593184,13714645.034006067,2026-02-15T03:34:08.423430
3RIMG_27JAN2026_1945_L2B_CTP_V01R00.h5,313,312,-255.0384979248047,794.9642944335938,-999.0,790.6199951171875,57.42606701073155,54.56807569427377,-403.23162841796875,629.6797485351562,55.104653067911855,61.04591627754567,13714674.579874601,2026-02-15T03:34:08.440439
3RIMG_27JAN2026_2015_L2B_CTP_V01R00.h5,313,312,-259.3918151855469,794.8724975585938,-999.0,788.21533203125,57.60219546162039,54.807692307692314,-406.8868713378906,629.5409545898438,55.33300565249447,61.142172523961655,13714705.3262991,2026-02-15T03:34:08.456230
3RIMG_27JAN2026_2045_L2B_CTP_V01R00.h5,313,312,-255.29251098632812,794.76904296875,-999.0,789.0084228515625,57.474195133939546,54.42471532727124,-403.2918701171875,629.7304077148438,55.0616449578111,61.16777258949783,13714735.481332816,2026-02-15T03:34:08.472232
3RIMG_27JAN2026_2115_L2B_CTP_V01R00.h5,313,312,-252.78607177734375,795.0664672851562,-999.0,786.9945068359375,57.2714426148931,54.2485868763824,-401.3886413574219,629.850341796875,54.83226837060703,60.941468010158104,13714765.252896199,2026-02-15T03:34:08.489394
3RIMG_27JAN2026_2145_L2B_CTP_V01R00.h5,313,312,-253.0229949951172,794.6547241210938,-999.0,787.7508544921875,57.298066683050706,54.2025067584173,-401.26336669921875,629.81494140625,54.7923322683706,61.188252641926766,13714795.738877984,2026-02-15T03:34:08.505393
3RIMG_27JAN2026_2215_L2B_CTP_V01R00.h5,313,312,-250.1016387939453,794.8428955078125,-999.0,788.2413330078125,57.15265831080527,54.02330629966413,-398.8833923339844,629.939697265625,54.60186778078152,60.95580404685836,13714825.284458034,2026-02-15T03:34:08.522395
3RIMG_27JAN2026_2245_L2B_CTP_V01R00.h5,313,312,-252.98915100097656,794.8306884765625,-999.0,779.3375854492188,57.24993855984272,54.21581879249611,-401.3389587402344,629.838134765625,54.77287621856311,61.11657245842549,13714855.84758205,2026-02-15T03:34:08.537418
3RIMG_27JAN2026_2315_L2B_CTP_V01R00.h5,313,312,-256.99267578125,794.2239990234375,-999.0,783.8055419921875,57.50593921520439,54.42471532727124,-404.2348327636719,629.625244140625,55.092365036454495,61.44322929466699,13714885.39879795,2026-02-15T03:34:08.556094
3RIMG_27JAN2026_2345_L2B_CTP_V01R00.h5,313,312,-252.212646484375,795.2106323242188,-999.0,786.4259033203125,57.2560825755714,54.17690669288113,-400.8346862792969,629.8917846679688,54.74318014254117,61.14114852134021,13714915.324610833,2026-02-15T03:34:08.573083
3RIMG_28JAN2026_0015_L2B_CTP_V01R00.h5,313,312,-256.2152404785156,795.462890625,-999.0,777.0874633789062,57.509011223068725,54.40935528794954,-404.3956298828125,629.73828125,54.95924469566642,61.34390104038666,13714945.681988617,2026-02-15T03:34:08.590074
3RIMG_28JAN2026_0045_L2B_CTP_V01R00.h5,313,312,-258.13385009765625,795.996826171875,-999.0,777.1616821289062,57.63086753502089,54.50663553698697,-406.3854675292969,629.7213745117188,55.07393298926845,61.33366101417219,13714975.1663082,2026-02-15T03:34:08.608075
3RIMG_28JAN2026_0115_L2B_CTP_V01R00.h5,313,312,-261.1225280761719,796.5211791992188,-999.0,775.9620361328125,57.79368395183092,54.70631604816908,-409.2632141113281,629.6192016601562,55.25415745064307,61.36335709019415,13715005.116741618,2026-02-15T03:34:08.625602
3RIMG_28JAN2026_0145_L2B_CTP_V01R00.h5,313,312,-267.7040710449219,796.5008544921875,-999.0,778.0078125,58.17461292700909,55.10874907839764,-414.89422607421875,629.3145751953125,55.62382239698533,61.4739493733104,13715035.830461133,2026-02-15T03:34:08.641616
3RIMG_28JAN2026_0215_L2B_CTP_V01R00.h5,313,312,-272.6454162597656,796.5286254882812,-999.0,777.1365966796875,58.39886950110592,55.34836569181617,-419.1790466308594,629.060302734375,55.90030310477595,61.56201359875482,13715065.388086434,2026-02-15T03:34:08.658143
3RIMG_28JAN2026_0245_L2B_CTP_V01R00.h5,313,312,-273.53497314453125,797.0364379882812,-999.0,778.2132568359375,58.463381666257064,55.389325796674036,-420.3089294433594,629.0510864257812,55.960719259441305,61.53846153846154,13715095.741788782,2026-02-15T03:34:08.675143
3RIMG_28JAN2026_0315_L2B_CTP_V01R00.h5,313,312,-271.586669921875,798.1920776367188,-999.0,776.6228637695312,58.30568526255428,55.309453592201194,-419.48870849609375,629.2265014648438,55.770254771852215,61.15036454493323,13715125.917644,2026-02-15T03:34:08.691660
3RIMG_28JAN2026_0345_L2B_CTP_V01R00.h5,313,312,-272.9040222167969,799.19873046875,-999.0,776.7451782226562,58.359957401490945,55.46510199066109,-421.2680358886719,629.2490844726562,55.96174326206275,61.188252641926766,13715155.869519733,2026-02-15T03:34:08.707622
3RIMG_28JAN2026_0415_L2B_CTP_V01R00.h5,313,312,-278.0550231933594,799.4920043945312,-999.0,776.7942504882812,58.64975014336037,55.797902842631274,-425.9205017089844,628.9122314453125,56.264848038010975,61.28450888834276,13715185.8622012,2026-02-15T03:34:08.723623
3RIMG_28JAN2026_0445_L2B_CTP_V01R00.h5,313,312,-281.54425048828125,799.5097045898438,-999.0,776.81494140625,58.815638568034736,56.081551568772014,-428.9638671875,628.6941528320312,56.44712050462849,61.43606127631686,13715215.944195282,2026-02-15T03:34:08.746150
3RIMG_28JAN2026_0515_L2B_CTP_V01R00.h5,313,312,-283.80523681640625,800.2290649414062,-999.0,777.9749755859375,58.97538297698042,56.29352011141149,-431.3692932128906,628.5836181640625,56.635536986974685,61.49442942573933,13715245.5628141,2026-02-15T03:34:08.772150
3RIMG_28JAN2026_0545_L2B_CTP_V01R00.h5,313,312,-284.9724426269531,801.1530151367188,-999.0,781.43798828125,59.1064553125256,56.428688457442455,-432.9906921386719,628.51611328125,56.76558531989841,61.62242975342017,13715275.53328345,2026-02-15T03:34:08.791147
3RIMG_28JAN2026_0615_L2B_CTP_V01R00.h5,313,312,-283.26422119140625,802.2705078125,-999.0,779.29345703125,59.11567133611862,56.334480216269355,-432.2102355957031,628.7072143554688,56.68366511018268,61.55484558040468,13715306.340041233,2026-02-15T03:34:08.808145
3RIMG_28JAN2026_0645_L2B_CTP_V01R00.h5,313,312,-276.31158447265625,804.1580200195312,-999.0,782.4159545898438,58.821782583763415,55.960719259441305,-427.39251708984375,629.3369750976562,56.31092815597608,61.22921274678463,13715341.154108766,2026-02-15T03:34:08.827146
3RIMG_28JAN2026_0715_L2B_CTP_V01R00.h5,313,312,-270.20281982421875,805.2218017578125,-999.0,783.77099609375,58.530965839272554,55.68731055951503,-422.7965393066406,629.7423706054688,56.01703940362087,61.046940280167114,13715365.962724017,2026-02-15T03:34:08.843153
3RIMG_28JAN2026_0745_L2B_CTP_V01R00.h5,313,312,-267.901611328125,805.7772827148438,-999.0,778.1605224609375,58.37736544605554,55.420045875317435,-421.12744140625,630.0542602539062,55.79892684525273,60.84213975587778,13715406.241914617,2026-02-15T03:34:08.859645
3RIMG_28JAN2026_0815_L2B_CTP_V01R00.h5,313,312,-268.29827880859375,805.1189575195312,-999.0,780.2958984375,58.425493569263544,55.45588596706808,-420.97039794921875,629.9807739257812,55.81735889243876,61.00598017530925,13715435.832820117,2026-02-15T03:34:08.876646
3RIMG_28JAN2026_0845_L2B_CTP_V01R00.h5,313,312,-269.6138000488281,804.4563598632812,-999.0,780.7168579101562,58.58728598345212,55.50503809289752,-421.6051940917969,629.875,55.879823052347014,61.1472925370689,13715472.094954316,2026-02-15T03:34:08.893647
3RIMG_28JAN2026_0915_L2B_CTP_V01R00.h5,313,312,-264.8336486816406,804.172607421875,-999.0,777.7298583984375,58.357909396248054,55.201933316949294,-417.3150329589844,630.1119384765625,55.589006307856145,61.06537232735316,13715487.178086484,2026-02-15T03:34:08.910682
3RIMG_28JAN2026_0945_L2B_CTP_V01R00.h5,313,312,-266.7413024902344,803.4746704101562,-999.0,777.719970703125,58.41115753256329,55.22958138772835,-418.52313232421875,629.9310302734375,55.60641435242074,61.27119685426394,13715531.612748932,2026-02-15T03:34:08.929137
3RIMG_28JAN2026_1015_L2B_CTP_V01R00.h5,313,312,-268.0824890136719,802.7106323242188,-999.0,777.0416259765625,58.459285655771275,55.26439747685754,-419.1481628417969,629.8109130859375,55.6647825018432,61.399197181944785,13715548.569285166,2026-02-15T03:34:08.947133
3RIMG_28JAN2026_1045_L2B_CTP_V01R00.h5,313,312,-265.8602600097656,801.8413696289062,-999.0,780.3450927734375,58.2800851970181,55.092365036454495,-416.6604919433594,629.8990478515625,55.43540591463915,61.29679691980011,13715575.796324266,2026-02-15T03:34:08.963641
3RIMG_28JAN2026_1115_L2B_CTP_V01R00.h5,313,312,-273.66778564453125,799.627685546875,-999.0,792.8294677734375,58.68251822724666,55.49172605881871,-421.8732604980469,629.2728881835938,55.870607028753994,61.72278201032194,13715605.123753784,2026-02-15T03:34:08.980887
3RIMG_28JAN2026_1145_L2B_CTP_V01R00.h5,313,312,-272.78839111328125,798.9649658203125,-999.0,793.6634521484375,58.666134185303505,55.41287785696731,-420.6629333496094,629.280517578125,55.778446792823786,61.798558204309,13715635.173208617,2026-02-15T03:34:08.998888
3RIMG_28JAN2026_1215_L2B_CTP_V01R00.h5,313,312,-271.5516052246094,798.3173217773438,-999.0,791.8567504882812,58.58728598345212,55.32174162365856,-419.2023010253906,629.2849731445312,55.65249447038585,61.703325960514455,13715664.697109634,2026-02-15T03:34:09.016303
3RIMG_28JAN2026_1245_L2B_CTP_V01R00.h5,313,312,-271.74627685546875,797.3076171875,-999.0,790.4517211914062,58.60059801753093,55.27361350045056,-418.6856994628906,629.1842041015625,55.61255836814942,61.8159662488736,13715694.746670717,2026-02-15T03:34:09.032305
3RIMG_28JAN2026_1315_L2B_CTP_V01R00.h5,313,312,-272.8539123535156,796.6283569335938,-999.0,776.6276245117188,58.71938232161874,55.32378962890145,-419.15179443359375,629.0679321289062,55.692430572622264,61.96854263946916,13715724.7138957,2026-02-15T03:34:09.049815
3RIMG_28JAN2026_1345_L2B_CTP_V01R00.h5,313,312,-274.8746337890625,795.0499877929688,-999.0,776.178955078125,58.79003850249857,55.45588596706808,-419.78863525390625,628.844970703125,55.82043090030311,62.144671090357996,13715754.569003416,2026-02-15T03:34:09.066815
3RIMG_28JAN2026_1415_L2B_CTP_V01R00.h5,313,312,-274.9237060546875,793.9518432617188,-999.0,776.0850219726562,58.806422544441716,55.496846071925944,-419.0433654785156,628.7607421875,55.879823052347014,62.160031129679695,13715784.527348867,2026-02-15T03:34:09.083816
3RIMG_28JAN2026_1445_L2B_CTP_V01R00.h5,313,312,-271.70977783203125,793.18115234375,-999.0,776.205078125,58.553493896944374,55.31662161055132,-415.7100830078125,628.9205322265625,55.70062259359384,61.92963053985419,13715814.80656955,2026-02-15T03:34:09.102163
3RIMG_28JAN2026_1515_L2B_CTP_V01R00.h5,313,312,-271.80133056640625,792.1099853515625,-999.0,776.1581420898438,58.4859097239289,55.28487752928648,-415.0178527832031,628.865478515625,55.73134267223724,62.04739084132055,13715844.647009933,2026-02-15T03:34:09.118378
3RIMG_28JAN2026_1545_L2B_CTP_V01R00.h5,313,312,-271.0491027832031,791.1234130859375,-999.0,776.2047729492188,58.40910952732039,55.23572540345704,-413.6390686035156,628.8865356445312,55.68935856475793,62.008478741705574,13715874.767061116,2026-02-15T03:34:09.134383
3RIMG_28JAN2026_1615_L2B_CTP_V01R00.h5,313,312,-268.89593505859375,790.306884765625,-999.0,776.142578125,58.29032522323258,55.120013107233554,-411.2484130859375,628.9286499023438,55.6187023838781,61.91734250839682,13715904.69564205,2026-02-15T03:34:09.152574
3RIMG_28JAN2026_1645_L2B_CTP_V01R00.h5,313,312,-267.5713806152344,789.3751220703125,-999.0,776.861572265625,58.25038912099615,55.06778897353978,-409.5210266113281,628.8756713867188,55.51323011386909,62.11907102482183,13715934.708233483,2026-02-15T03:34:09.169705
3RIMG_28JAN2026_1715_L2B_CTP_V01R00.h5,313,312,-264.9777526855469,789.961669921875,-999.0,778.9061279296875,58.12136479069386,54.94900466945195,-407.6757507324219,629.056640625,55.3534857049234,61.87945441140329,13715964.647396283,2026-02-15T03:34:09.186704
3RIMG_28JAN2026_1745_L2B_CTP_V01R00.h5,313,312,-265.5776062011719,790.9156494140625,-999.0,777.1929321289062,58.13467682477267,55.010444826738755,-408.8548278808594,629.0938110351562,55.41082985172442,61.93065454247563,13715994.797726568,2026-02-15T03:34:09.202705
3RIMG_28JAN2026_1815_L2B_CTP_V01R00.h5,313,312,-263.4294128417969,791.3638916015625,-999.0,779.04296875,57.958548373883836,54.87015646760056,-407.3833312988281,629.2236328125,55.25006144015728,61.699229950028666,13716024.917991232,2026-02-15T03:34:09.220704
3RIMG_28JAN2026_1845_L2B_CTP_V01R00.h5,313,312,-262.5989074707031,792.8294067382812,-999.0,777.2698364257812,57.766035881051856,54.805644302449416,-407.7850341796875,629.3873291015625,55.102605062668964,61.46166134185304,13716054.2873272,2026-02-15T03:34:09.236768
3RIMG_28JAN2026_1915_L2B_CTP_V01R00.h5,313,312,-263.19183349609375,792.1751098632812,-999.0,777.9539184570312,57.71278774473663,54.78414024739904,-407.90460205078125,629.3356323242188,55.12615712296224,61.487261407389205,13716084.612228118,2026-02-15T03:34:09.254301
3RIMG_28JAN2026_1945_L2B_CTP_V01R00.h5,313,312,-255.9825439453125,792.2843627929688,-999.0,776.2864990234375,57.26017858605717,54.31821905464078,-401.936767578125,629.593994140625,54.67764397476857,61.25788482018514,13716114.979726199,2026-02-15T03:34:09.269757
3RIMG_28JAN2026_2015_L2B_CTP_V01R00.h5,313,312,-257.5036926269531,792.6375122070312,-999.0,776.4605102539062,57.280658638486116,54.38989923814205,-403.5036315917969,629.6051635742188,54.75854018186287,61.10121241910379,13716144.986969916,2026-02-15T03:34:09.286757
3RIMG_28JAN2026_2045_L2B_CTP_V01R00.h5,313,312,-257.922119140625,792.2985229492188,-999.0,776.0338745117188,57.26017858605717,54.368395183091664,-403.6437683105469,629.58544921875,54.80666830507086,61.25071680183501,13716174.8483926,2026-02-15T03:34:09.302757
3RIMG_28JAN2026_2115_L2B_CTP_V01R00.h5,313,312,-251.65907287597656,792.7589721679688,-999.0,776.1305541992188,56.87515360039321,53.9854182026706,-398.6913757324219,629.8619384765625,54.4062832800852,60.89948390267879,13716205.111888383,2026-02-15T03:34:09.319215
3RIMG_28JAN2026_2145_L2B_CTP_V01R00.h5,313,312,-252.5919952392578,792.2280883789062,-999.0,776.0924072265625,56.93249774719423,53.96596215286311,-399.1111145019531,629.78369140625,54.46260342426476,60.96706807569427,13716235.282820133,2026-02-15T03:34:09.335386
3RIMG_28JAN2026_2215_L2B_CTP_V01R00.h5,313,312,-250.72470092773438,792.0265502929688,-999.0,776.6714477539062,56.87003358728598,53.80519374129597,-397.3336486816406,629.8385009765625,54.268042926189885,60.97526009666585,13716265.228649799,2026-02-15T03:34:09.352404
3RIMG_28JAN2026_2245_L2B_CTP_V01R00.h5,313,312,-254.9860382080078,791.6806030273438,-999.0,776.0403442382812,57.113746211190296,54.0314983206357,-400.6784973144531,629.687744140625,54.58036372573114,61.27324485950684,13716295.18267435,2026-02-15T03:34:09.369646
3RIMG_28JAN2026_2315_L2B_CTP_V01R00.h5,313,312,-257.01220703125,791.7831420898438,-999.0,776.7509765625,57.17621037109855,54.161546653559434,-402.4997253417969,629.6282348632812,54.66433194068977,61.15241255017613,13716325.438071582,2026-02-15T03:34:09.386531
3RIMG_28JAN2026_2345_L2B_CTP_V01R00.h5,313,312,-254.1884002685547,792.52099609375,-999.0,776.56103515625,56.99803391496682,54.03559433112149,-400.5619812011719,629.8095703125,54.519947571065785,61.103260424346686,13716355.5736235,2026-02-15T03:34:09.402326
3RIMG_29JAN2026_0015_L2B_CTP_V01R00.h5,313,312,-259.68035888671875,792.526611328125,-999.0,777.5305786132812,57.24277054149258,54.341771114934055,-405.3003234863281,629.5618286132812,54.81690833128533,61.3643810928156,13716385.509005,2026-02-15T03:34:09.421554
3RIMG_29JAN2026_0045_L2B_CTP_V01R00.h5,313,312,-262.2687683105469,792.8848266601562,-999.0,777.4332275390625,57.3441468010158,54.49025149504383,-407.75152587890625,629.4796752929688,54.97870074547391,61.41148521340215,13716415.006304983,2026-02-15T03:34:09.438569
3RIMG_29JAN2026_0115_L2B_CTP_V01R00.h5,313,312,-269.57855224609375,792.7728881835938,-999.0,776.7108154296875,57.77422790202343,54.93876464323749,-413.9400634765625,629.1221923828125,55.487630048332925,61.65212582944213,13716445.660980284,2026-02-15T03:34:09.454559
3RIMG_29JAN2026_0145_L2B_CTP_V01R00.h5,313,312,-272.35662841796875,792.9027709960938,-999.0,778.758056640625,57.863316130089295,55.13844515441959,-416.4200134277344,629.0263061523438,55.61972638649954,61.52412550176128,13716475.89087665,2026-02-15T03:34:09.470573
3RIMG_29JAN2026_0245_L2B_CTP_V01R00.h5,313,312,-280.46099853515625,793.2239379882812,-999.0,777.4683837890625,58.363029409355285,55.71188662242975,-423.6606140136719,628.55029296875,56.18907184402392,61.69513393954289,13716535.556310216,2026-02-15T03:34:09.487558
3RIMG_29JAN2026_0315_L2B_CTP_V01R00.h5,313,312,-281.9895935058594,793.7529296875,-999.0,778.2103881835938,58.454165642664044,55.8685590235111,-425.417724609375,628.4424438476562,56.28430408781846,61.559965593511926,13716569.872675667,2026-02-15T03:34:09.502558
3RIMG_29JAN2026_0345_L2B_CTP_V01R00.h5,313,312,-283.1582336425781,794.9024047851562,-999.0,776.4959106445312,58.6681821905464,56.04775948226427,-427.17742919921875,628.394287109375,56.51163266977963,61.73199803391497,13716597.47961115,2026-02-15T03:34:09.518587
3RIMG_29JAN2026_0415_L2B_CTP_V01R00.h5,313,312,-283.20501708984375,796.4447021484375,-999.0,778.1702270507812,58.632342098795775,56.11739166052266,-428.36663818359375,628.433837890625,56.53825673793725,61.531293520111404,13716626.41308815,2026-02-15T03:34:09.534564
3RIMG_29JAN2026_0445_L2B_CTP_V01R00.h5,313,312,-278.9935607910156,797.6253662109375,-999.0,786.008056640625,58.4070615220775,55.883919062832796,-425.4755859375,628.8556518554688,56.28737609568281,61.26607684115671,13716655.986525666,2026-02-15T03:34:09.551838
3RIMG_29JAN2026_0515_L2B_CTP_V01R00.h5,313,312,-280.2545166015625,798.3859252929688,-999.0,789.1642456054688,58.55656590480872,56.02727942983534,-427.006591796875,628.8253784179688,56.451216515114275,61.315228966986155,13716695.4419351,2026-02-15T03:34:09.568840
3RIMG_29JAN2026_0545_L2B_CTP_V01R00.h5,313,312,-278.8379821777344,799.651611328125,-999.0,779.0374755859375,58.55451789956583,55.99860735643484,-426.6012878417969,628.972900390625,56.426640452199564,61.27734086999263,13716715.71590055,2026-02-15T03:34:09.585202
3RIMG_29JAN2026_0615_L2B_CTP_V01R00.h5,313,312,-272.9684753417969,801.4298706054688,-999.0,796.9203491210938,58.281109199639545,55.7282706643729,-422.70062255859375,629.4672241210938,56.12455967887278,60.99574014909478,13716746.166059233,2026-02-15T03:34:09.601204
3RIMG_29JAN2026_0645_L2B_CTP_V01R00.h5,313,312,-273.63385009765625,802.5886840820312,-999.0,782.8226928710938,58.359957401490945,55.839886950110596,-424.0293273925781,629.4703979492188,56.1952158597526,61.0684443352175,13717036.255608233,2026-02-15T03:34:09.619202
3RIMG_29JAN2026_0715_L2B_CTP_V01R00.h5,313,312,-262.6044006347656,804.0347900390625,-999.0,794.2105712890625,57.81621200950274,55.176333251413126,-415.5425720214844,630.1954345703125,55.604366347177844,60.572827066437284,13716868.869652735,2026-02-15T03:34:09.637210
3RIMG_29JAN2026_0745_L2B_CTP_V01R00.h5,313,312,-257.3277893066406,805.6602783203125,-999.0,778.1884765625,57.496723191611366,54.920332596051445,-412.08642578125,630.7134399414062,55.28385352666503,60.29634635864668,13716869.145816483,2026-02-15T03:34:09.654722
3RIMG_29JAN2026_0815_L2B_CTP_V01R00.h5,313,312,-259.7848815917969,804.947021484375,-999.0,785.1891479492188,57.65441959531417,55.05242893421807,-413.6340637207031,630.5294189453125,55.403661833374294,60.51138690915049,13716947.113650033,2026-02-15T03:34:09.674212
3RIMG_29JAN2026_0845_L2B_CTP_V01R00.h5,313,312,-254.64886474609375,804.4866943359375,-999.0,784.0596313476562,57.45473908413206,54.69505201933317,-408.9418029785156,630.7022705078125,55.103629065290406,60.45404276234947,13716960.790518533,2026-02-15T03:34:09.692370
3RIMG_29JAN2026_0915_L2B_CTP_V01R00.h5,313,312,-259.477783203125,804.417236328125,-999.0,787.5301513671875,57.6267715245351,54.9367166379946,-413.01470947265625,630.5099487304688,55.28385352666503,60.67215532071762,13716970.708340617,2026-02-15T03:34:09.709356
3RIMG_29JAN2026_0945_L2B_CTP_V01R00.h5,313,312,-261.98870849609375,803.4676513671875,-999.0,784.5051879882812,57.82235602523143,55.013516834603095,-414.48516845703125,630.3019409179688,55.34119767346605,60.85135577947079,13717032.1105206,2026-02-15T03:34:09.725357
3RIMG_29JAN2026_1015_L2B_CTP_V01R00.h5,313,312,-264.88482666015625,802.3287353515625,-999.0,783.3685302734375,57.91144425329728,55.11796510199066,-416.1786804199219,630.0699462890625,55.46202998279676,61.097116408618,13717038.001310766,2026-02-15T03:34:09.742362
3RIMG_29JAN2026_1045_L2B_CTP_V01R00.h5,313,312,-264.73577880859375,801.8451538085938,-999.0,777.7081909179688,57.90632424019005,55.03809289751782,-415.7379455566406,630.0657958984375,55.388301794052595,61.230236749406075,13717096.515583117,2026-02-15T03:34:09.758877
3RIMG_29JAN2026_1115_L2B_CTP_V01R00.h5,313,312,-269.1672058105469,800.128662109375,-999.0,777.1390991210938,58.036372573113795,55.23572540345704,-418.3960876464844,629.6924438476562,55.586958302613255,61.47087736544605,13717107.60571555,2026-02-15T03:34:09.775140
3RIMG_29JAN2026_1145_L2B_CTP_V01R00.h5,313,312,-274.98016357421875,798.7041625976562,-999.0,776.6814575195312,58.35688539362661,55.566478250184325,-422.42529296875,629.2417602539062,55.888015073318584,61.81289424100925,13717139.992925366,2026-02-15T03:34:09.794325
3RIMG_29JAN2026_1215_L2B_CTP_V01R00.h5,313,312,-279.27557373046875,796.6630859375,-999.0,777.9229125976562,58.57294994675186,55.787662816416805,-424.8131103515625,628.7984619140625,56.092815597607924,62.12111903006472,13717149.980706483,2026-02-15T03:34:09.813799
3RIMG_29JAN2026_1245_L2B_CTP_V01R00.h5,313,312,-280.17584228515625,795.9486694335938,-999.0,778.4508056640625,58.60162202015237,55.846030965839276,-425.0884704589844,628.6923217773438,56.10715163430818,62.076062914721064,13717168.1816858,2026-02-15T03:34:09.833126
3RIMG_29JAN2026_1315_L2B_CTP_V01R00.h5,313,312,-285.96392822265625,794.2007446289062,-999.0,777.5010986328125,58.947734906201354,56.19214385188827,-428.9173889160156,628.1981811523438,56.47272057016466,62.34332759891865,13717181.824866684,2026-02-15T03:34:09.850712
3RIMG_29JAN2026_1345_L2B_CTP_V01R00.h5,313,312,-289.46795654296875,792.8014526367188,-999.0,778.054931640625,59.178135496026876,56.45428852297862,-430.9874572753906,627.8629760742188,56.7543212910625,62.59011223068731,13717195.410541017,2026-02-15T03:34:09.867710
3RIMG_29JAN2026_1415_L2B_CTP_V01R00.h5,313,312,-287.75787353515625,792.265869140625,-999.0,795.957763671875,59.13717539116901,56.35291226345539,-429.0926513671875,627.9691772460938,56.68878512328992,62.45903989514213,13717225.355570734,2026-02-15T03:34:09.887714
3RIMG_29JAN2026_1445_L2B_CTP_V01R00.h5,313,312,-290.4642333984375,790.7391967773438,-999.0,777.3724975585938,59.296919800114686,56.56283280085197,-430.3719482421875,627.6896362304688,56.88027361350046,62.71299254526092,13717255.3191244,2026-02-15T03:34:09.904712
3RIMG_29JAN2026_1515_L2B_CTP_V01R00.h5,313,312,-291.5004577636719,789.8703002929688,-999.0,778.9317626953125,59.29077578438601,56.6314409764889,-430.66900634765625,627.58251953125,56.985745883509466,62.69968051118211,13717285.415241184,2026-02-15T03:34:09.921712
3RIMG_29JAN2026_1545_L2B_CTP_V01R00.h5,313,312,-292.2130432128906,789.1439819335938,-999.0,795.09521484375,59.29794380273613,56.68468911280413,-430.79364013671875,627.5228271484375,57.08712214303269,62.70787253215369,13717314.669270666,2026-02-15T03:34:09.939719
3RIMG_29JAN2026_1615_L2B_CTP_V01R00.h5,313,312,-290.7965087890625,788.0068359375,-999.0,788.23583984375,59.17506348816253,56.58638486114525,-428.7865905761719,627.5953369140625,56.97652985991644,62.67510444826738,13717345.243411684,2026-02-15T03:34:09.955230
3RIMG_29JAN2026_1645_L2B_CTP_V01R00.h5,313,312,-283.05029296875,788.3615112304688,-999.0,776.3118896484375,58.69583026132547,56.08257557139347,-422.34832763671875,628.08642578125,56.43176046530679,62.41807979028427,13717375.299924884,2026-02-15T03:34:09.972233
3RIMG_29JAN2026_1715_L2B_CTP_V01R00.h5,313,312,-282.7591552734375,788.354736328125,-999.0,777.9354248046875,58.70914229540427,56.03035143769968,-422.0877380371094,628.1229248046875,56.424592446956666,62.29929548619645,13717405.369715516,2026-02-15T03:34:09.989230
3RIMG_29JAN2026_1745_L2B_CTP_V01R00.h5,313,312,-281.6747131347656,789.6408081054688,-999.0,777.435546875,58.559637912673054,55.965839272548536,-422.05841064453125,628.257568359375,56.3201441795691,62.21123126075203,13717435.33615225,2026-02-15T03:34:10.007231
3RIMG_29JAN2026_1945_L2B_CTP_V01R00.h5,313,312,-269.3773193359375,792.8099365234375,-999.0,776.6441650390625,57.62062750880642,55.1056770705333,-413.85107421875,629.2283325195312,55.494798066683046,61.21180470222004,13717555.230245333,2026-02-15T03:34:10.025234
3RIMG_29JAN2026_2015_L2B_CTP_V01R00.h5,313,312,-265.6512145996094,793.304931640625,-999.0,776.9783325195312,57.34209879577292,54.87425247808635,-411.02923583984375,629.4703979492188,55.26439747685754,60.914843942000495,13717585.609836517,2026-02-15T03:34:10.041756
3RIMG_29JAN2026_2045_L2B_CTP_V01R00.h5,313,312,-269.0462951660156,792.8674926757812,-999.0,777.961669921875,57.52744327025477,55.04833292373228,-413.640625,629.2971801757812,55.46714999590399,61.109404440075366,13717615.58018775,2026-02-15T03:34:10.057401
3RIMG_29JAN2026_2115_L2B_CTP_V01R00.h5,313,312,-271.5043029785156,792.7858276367188,-999.0,790.3333740234375,57.664659621528635,55.21831735889244,-415.70111083984375,629.1514282226562,55.65863848611452,61.2220447284345,13717645.455269933,2026-02-15T03:34:10.074399
3RIMG_29JAN2026_2145_L2B_CTP_V01R00.h5,313,312,-271.43182373046875,792.8997192382812,-999.0,791.9857788085938,57.71995576308675,55.22036536413534,-415.69287109375,629.161376953125,55.661710493978866,61.23126075202753,13717675.507909333,2026-02-15T03:34:10.091401
3RIMG_29JAN2026_2215_L2B_CTP_V01R00.h5,313,312,-269.3644104003906,793.3214111328125,-999.0,788.6527099609375,57.592979438027356,55.094413041697386,-414.214111328125,629.2779541015625,55.5265421479479,61.23842877037765,13717705.8700834,2026-02-15T03:34:10.108413
3RIMG_29JAN2026_2245_L2B_CTP_V01R00.h5,313,312,-271.33148193359375,793.496337890625,-999.0,789.7662963867188,57.784467928237895,55.22548537724256,-415.94659423828125,629.1876831054688,55.67399852543623,61.483165396903416,13717735.714831065,2026-02-15T03:34:10.124400
3RIMG_29JAN2026_2315_L2B_CTP_V01R00.h5,313,312,-273.4139099121094,793.2090454101562,-999.0,778.3273315429688,57.90427623494716,55.349389694437626,-417.5953063964844,629.0253295898438,55.76308675350209,61.513885475546815,13717765.822357567,2026-02-15T03:34:10.140548
3RIMG_29JAN2026_2345_L2B_CTP_V01R00.h5,313,312,-272.51123046875,794.0244140625,-999.0,788.5556640625,57.859220119603506,55.31764561317277,-417.3706970214844,629.1259765625,55.774350782338,61.38281314000164,13717795.9252866,2026-02-15T03:34:10.158048
3RIMG_30JAN2026_0015_L2B_CTP_V01R00.h5,313,312,-275.2471618652344,794.826416015625,-999.0,776.8760375976562,57.9995084787417,55.6053903497993,-420.3415222167969,628.9258422851562,56.02523142459245,61.588637666912426,13717825.790501783,2026-02-15T03:34:10.175045
3RIMG_30JAN2026_0045_L2B_CTP_V01R00.h5,313,312,-272.5213317871094,795.7252807617188,-999.0,776.265869140625,57.86638813795363,55.45383796182518,-418.63397216796875,629.1453857421875,55.91259113623332,61.3797411321373,13717855.823010717,2026-02-15T03:34:10.191046
3RIMG_30JAN2026_0115_L2B_CTP_V01R00.h5,313,312,-280.1820983886719,795.8306274414062,-999.0,776.9401245117188,58.337429343819124,56.00065536167773,-425.31988525390625,628.6554565429688,56.41230441549931,61.70230195789301,13717885.922737567,2026-02-15T03:34:10.207047
3RIMG_30JAN2026_0145_L2B_CTP_V01R00.h5,313,312,-283.70697021484375,796.6591796875,-999.0,776.28173828125,58.57499795199475,56.23924797247481,-428.95330810546875,628.4526977539062,56.64168100270337,61.74838207585811,13717916.125537,2026-02-15T03:34:10.224061
3RIMG_30JAN2026_0215_L2B_CTP_V01R00.h5,313,312,-286.78387451171875,796.8881225585938,-999.0,776.5398559570312,58.75727041861227,56.45428852297862,-431.8078918457031,628.2211303710938,56.82190546407799,61.68386991070697,13717946.238461433,2026-02-15T03:34:10.239084
3RIMG_30JAN2026_0245_L2B_CTP_V01R00.h5,313,312,-288.55902099609375,797.3311157226562,-999.0,776.3134155273438,58.89653477512903,56.58331285328091,-433.70172119140625,628.0819091796875,56.91406570000819,61.7524780863439,13717976.03353855,2026-02-15T03:34:10.254610
3RIMG_30JAN2026_0315_L2B_CTP_V01R00.h5,313,312,-290.1591796875,797.5524291992188,-999.0,780.8806762695312,58.98050299008766,56.702097157368726,-435.29510498046875,627.9210205078125,57.02670598836733,61.7524780863439,13718006.082090799,2026-02-15T03:34:10.271001
3RIMG_30JAN2026_0345_L2B_CTP_V01R00.h5,313,312,-289.38983154296875,798.6323852539062,-999.0,780.35498046875,59.028631113295646,56.739985254362246,-435.3416748046875,628.0121459960938,57.09326615876137,61.74326206275088,13718036.454398418,2026-02-15T03:34:10.287001
3RIMG_30JAN2026_0415_L2B_CTP_V01R00.h5,313,312,-292.705810546875,799.4961547851562,-999.0,780.5314331054688,59.26619972147129,56.98676988613091,-438.9167785644531,627.6727905273438,57.33902678790857,61.949086589661675,13718101.7253455,2026-02-15T03:34:10.303204
3RIMG_30JAN2026_0445_L2B_CTP_V01R00.h5,313,312,-290.9083251953125,800.2168579101562,-999.0,776.873779296875,59.231383632342094,56.897681658065046,-437.795654296875,627.8857421875,57.21614647333497,61.84259031703121,13718198.3090403,2026-02-15T03:34:10.320219
