imc_mean,imc_pct_gt_5,imc_pct_gt_10,olr_mean,olr_pct_lt_220,olr_pct_lt_240,ctp_mean,ctp_pct_lt_200,ctp_pct_lt_300,flood_risk
0.0773024037480354,0.2989664357478528,0.1238150218765192,-200.7337646484375,53.53714703856749,59.22012994247285,-222.43446350097656,52.1944376177603,55.47329401163267,Medium
0.0686632394790649,0.2692533625020256,0.1091800356506238,-200.42892456054688,53.27924971641549,59.04759915329768,-219.81069946289065,52.059269271729335,55.26746948472188,Medium
0.0601686239242553,0.2285893696321503,0.0909875830497488,-199.9749298095703,52.920414033381945,58.74965817938745,-221.9205017089844,52.20570164659621,55.39239780453838,Medium
0.0644105896353721,0.2552893574785286,0.1086229946524064,-199.6315460205078,52.57337749149247,58.47873369389078,-224.7670135498047,52.44327025477185,55.47329401163267,Medium
0.0576295778155326,0.2379071463296062,0.0927979662939556,-199.13677978515625,52.15925548938584,58.04184897099336,-226.12042236328125,52.53543049070205,55.5879823052347,Medium
0.0567146241664886,0.2587708637173878,0.1020904229460379,-198.34950256347656,51.65352556311781,57.50853285529087,-227.10726928710935,52.71155894159089,55.74260670107315,Medium
0.0500841028988361,0.2235127005347593,0.0879744976502998,-197.8777008056641,51.327074218117,57.12138936152974,-223.9890289306641,52.62144671090358,55.5552142213484,Medium
0.0425093583762645,0.1828360476421973,0.0652497569275644,-195.0938262939453,50.14489395964997,55.16388399368012,-238.6591339111328,53.71610551323012,56.455312525600064,Medium
0.0408340133726596,0.1683909617566034,0.0603123480797277,-194.314697265625,49.96840058337384,54.86682922135796,-228.6256256103516,53.17236012124192,55.83067092651757,Low
0.0401436649262905,0.166719838761951,0.0546279978933722,-193.28195190429688,49.59728467833414,54.4618224355858,-231.2483673095703,53.458056852625546,56.03956746129271,Low
0.0469268634915351,0.1985851158645276,0.0678577216010371,-192.9889373779297,49.50501843299303,54.37762062469616,-230.67486572265625,53.44474481854673,56.00167936429917,Low
0.0461345091462135,0.1913435828877005,0.0690224436882191,-192.6975860595703,49.46579768270944,54.32104298330904,-227.5423889160156,53.273736380765136,55.8378389448677,Low
0.0437769517302513,0.1737081712850429,0.0637052341597796,-192.82373046875,49.51199410549344,54.3925974315346,-229.5498962402344,53.394568690095845,55.89620709429016,Low
0.0446047522127628,0.1811269445794847,0.062464551936477,-192.7949676513672,49.63417598444336,54.5309588194782,-232.42774963378903,53.55431309904153,56.06721553207176,Low
0.0446879342198371,0.1745184127369956,0.059134965969859,-193.07347106933597,49.805655991735534,54.778145762437205,-231.4538726806641,53.45908085524699,55.98119931187024,Low
0.0436196215450763,0.1666185585804569,0.0467787838275806,-193.2940673828125,49.96785620239832,55.05650168125101,-234.2213287353516,53.55943311214877,56.038543458671256,Low
0.0452483482658863,0.1784050397018311,0.0471585845081834,-193.61959838867188,50.19391356749311,55.53849406498137,-235.93638610839844,53.53690505447693,56.20647988858851,Low
0.0488462336361408,0.2078395924485496,0.0549824785286015,-194.07688903808597,50.44129041079242,56.023018453249065,-234.91973876953125,53.42221676087491,56.18599983615958,Low
0.0514724254608154,0.2155115661967266,0.0640090747042618,-194.65756225585935,50.86673047318101,56.47305693971804,-236.1063995361328,53.42528876873924,56.25665601703941,Low
0.0547112412750721,0.2377172459893048,0.0703137660022686,-195.12109375,51.28140951628586,56.84766701101929,-236.01187133789065,53.37613664290981,56.1644957811092,Medium
0.0607718080282211,0.2800397018311457,0.0879744976502998,-195.5516662597656,51.56401920272241,57.09019506562956,-234.8649139404297,53.30548046202998,56.01703940362087,Medium
0.0632482916116714,0.2856860719494409,0.103457705396208,-196.1807556152344,51.863010958515645,57.40597401150544,-231.018310546875,53.066887851232906,55.72110264602277,Medium
0.0646673068404197,0.3022707016690974,0.1067872913628261,-196.23892211914065,52.03561770782693,57.60531872873116,-229.7513885498047,53.03616777258949,55.65454247562873,Medium
0.0706588104367256,0.3369211837627613,0.1277776089774752,-196.8113250732422,52.26689100226868,57.93373237724842,-226.4971160888672,52.833415253543045,55.37498975997378,Medium
0.0714821144938469,0.3345790795657106,0.1333480189596499,-197.46006774902344,52.48545363393291,58.220545191216985,-228.22708129882807,52.90509543704432,55.477390022118456,Medium
0.0731178969144821,0.3262234645924485,0.1351584022038567,-197.88153076171875,52.689216699076326,58.47346712445308,-227.51220703125,52.82419922995003,55.47943802736135,Medium
0.0764676705002784,0.3238813603953978,0.1474006441419543,-198.45535278320312,52.89609412980069,58.79415815913143,-224.0736083984375,52.57843860080281,55.26849348734333,Medium
0.080206923186779,0.3337055380003241,0.1557562591152163,-199.01046752929688,53.07129618376276,59.026659475773776,-223.7269744873047,52.52928647497338,55.24494142705005,Medium
0.0855588391423225,0.3595573043266893,0.1754172743477556,-200.2003631591797,53.39473444336412,59.44208546021714,-221.9099884033203,52.39002211845663,55.12206111247645,Medium
0.0722005441784858,0.2942569073083779,0.1412858531842489,-201.83493041992188,53.79600652244368,59.901593643655815,-209.8470916748047,51.61894814450725,54.37351519619891,Medium
0.0662674009799957,0.2675569194619996,0.1341456003889159,-202.0731506347656,53.82292173067575,59.94814454707503,-211.12550354003903,51.70598836733022,54.45953141640043,Medium
0.0580440126359462,0.2433636161076,0.1094205760816723,-200.984130859375,53.58268514017177,59.71560525036461,-206.848388671875,51.50118784304088,54.1410666011305,Medium
0.0463204197585582,0.1786709001782531,0.0787959812023983,-200.44081115722656,53.46423796791444,59.63180856020094,-203.29782104492188,51.28819529777996,53.88404194314737,Low
0.0479270964860916,0.2036617849619186,0.0884935585804569,-200.2617034912109,53.30829180845892,59.58756178091071,-203.30638122558597,51.26157122962235,53.81952977799623,Medium
0.0509167946875095,0.2135619227029654,0.0974188745746232,-200.5034942626953,53.40816672743478,59.77404391508669,-207.833251953125,51.49401982469075,54.01511427869256,Medium
0.0482302829623222,0.2023071625344352,0.081403945875871,-200.7816467285156,53.54245158807325,60.08106212526333,-203.2798767089844,51.11718685999836,53.69869746866552,Medium
0.0448494330048561,0.184760371090585,0.0741877329444174,-201.2750396728516,53.63283149003403,60.32389402041809,-201.32081604003903,50.92774637503072,53.47648889981158,Medium
0.0441254898905754,0.1877354764219737,0.0735547318100794,-201.27528381347656,53.64689677523901,60.40595628747367,-202.2406463623047,50.979970508724506,53.51642500204801,Medium
0.0426214188337326,0.1712394668611246,0.0679969818505914,-201.34901428222656,53.52919654432021,60.33127481364446,-203.60337829589844,51.04448267387565,53.5799131645777,Medium
0.0429940894246101,0.1772656376600227,0.0714151879760168,-201.34454345703125,53.507028844595695,60.2655439758548,-205.20730590820312,51.087490783976406,53.64954534283608,Medium
0.0412102006375789,0.1715559674282936,0.0649712364284556,-201.8269195556641,53.538628261221845,60.27434269162211,-200.95578002929688,50.82534611288605,53.38228065863848,Medium
0.0393762364983558,0.154186416302058,0.0581981242910387,-201.32688903808597,53.36083090260898,60.07468147382921,-207.8834686279297,51.23801916932907,53.82464979110346,Medium
0.0404091365635395,0.161060808620969,0.0618188907794522,-201.1352386474609,53.14834508183439,59.86004344919786,-208.3254852294922,51.18272302777095,53.77549766527402,Medium
0.0395201221108436,0.1541990763247447,0.0556661197536865,-200.77459716796875,52.919198671204015,59.61366674769081,-206.4991455078125,51.06496272630457,53.59527320389941,Medium
0.0368356145918369,0.1371333657429914,0.0515009722897423,-200.4023284912109,52.58412585075353,59.25232438016529,-209.0496368408203,51.27078725321537,53.72839354468747,Low
0.0361101441085338,0.1335252592772646,0.0501336898395722,-199.67584228515625,52.26283979500891,58.8131102130935,-209.228759765625,51.28819529777996,53.768329646923895,Low
0.0365078523755073,0.1345380610922054,0.0494120685464268,-199.3164825439453,51.855149084427154,58.31482438016528,-211.88800048828125,51.48992381420496,53.89530597198329,Low
0.0387648455798625,0.1439697779938421,0.0599198873764381,-198.85470581054688,51.542661744449845,58.02537828147788,-214.00387573242188,51.64250020480053,53.98029818956337,Low
0.0397031903266906,0.140804772322152,0.067174080375952,-198.3979034423828,51.22040086695835,57.55946412655971,-218.4033966064453,51.95686900958466,54.217866797739,Low
0.0373809412121772,0.1398679306433317,0.0651864568141306,-197.8585662841797,51.00547166180521,57.21441520823205,-219.2012634277344,52.09306135823708,54.29466699434751,Low
0.0329627618193626,0.1164848687408847,0.0534379557608167,-197.71522521972656,50.80117687570896,56.793975854804735,-222.3357086181641,52.28352584582616,54.52199557630868,Low
0.0356163308024406,0.1334239790957705,0.0575144830659536,-196.88864135742188,50.5535594919786,56.33429043104845,-222.7723388671875,52.417670189235686,54.608011796510205,Low
0.0342725031077861,0.1240302422621941,0.054957158483228,-196.31385803222656,50.34658078107276,55.97950595527467,-229.26698303222656,52.86925534529369,55.008396821495865,Low
0.031256902962923,0.1026094838761951,0.0404867525522605,-195.53250122070312,50.151211310970666,55.65652345649004,-231.90782165527344,53.078151880068816,55.188621282870486,Low
0.0327346734702587,0.1045844474153297,0.0406513328471884,-195.1300506591797,49.94266275725166,55.33002147139848,-232.64210510253903,53.19796018677808,55.281805521422136,Low
0.0327459052205085,0.1061669502511748,0.0394739507373197,-194.4884033203125,49.77831034273213,55.08460693161562,-231.8532867431641,53.26349635455067,55.30433357909397,Low
0.032291866838932,0.095152730513693,0.0364355452924971,-193.99366760253903,49.65314069842813,54.90964541808459,-235.14210510253903,53.51232899156222,55.56852625542721,Low
0.0319091528654098,0.0879998176956733,0.0324982782369146,-193.4582672119141,49.55682324582726,54.82082269891427,-227.9182281494141,53.16416810027034,55.26644548210044,Low
0.0327262058854103,0.0889746394425538,0.0308904553556959,-193.12380981445312,49.43159030140982,54.70046386323124,-225.56643676757807,53.10272794298353,55.16404521995576,Low
0.030592979863286,0.0797708029492788,0.022686760654675,-192.89373779296875,49.47517875952034,54.762877775076966,-216.81793212890625,52.59072663226018,54.6674039485541,Low
0.0287939254194498,0.074947334305623,0.0193698347107438,-193.0997314453125,49.48791474234322,54.81022625992546,-214.2771759033203,52.45863029409355,54.5598836733022,Low
0.0301947649568319,0.0748080740560687,0.0226614406093015,-193.1383819580078,49.6045895114244,54.85884074704261,-214.00753784179688,52.39411812894241,54.610059801753096,Low
0.0298842526972293,0.07140252795333,0.0222056797925781,-193.2549285888672,49.77649995948793,55.008608815427,-214.04202270507807,52.404358155156885,54.69198001146884,Low
0.0298842526972293,0.07140252795333,0.0222056797925781,-193.2549285888672,49.77649995948793,55.008608815427,-214.04202270507807,52.404358155156885,54.69198001146884,Low
0.0305077619850635,0.0720481891103548,0.02110425781883,-193.34014892578125,49.95344909658078,55.19025482093664,-215.89317321777344,52.49447038584418,54.82919636274269,Low
0.0313758812844753,0.0810241451952682,0.0215473586128666,-193.46044921875,50.182633487279205,55.48144800275482,-215.9707794189453,52.46067829933645,54.77799623167036,Low
0.0304006356745958,0.0817457664884135,0.0163314292659212,-193.9815368652344,50.43161815345974,55.82951000648193,-212.068359375,52.16269353649545,54.53940362087327,Low
0.0339737869799137,0.111129679144385,0.0234590220385674,-194.3648681640625,50.63658392075838,56.07845669259439,-219.8272247314453,52.536454493323504,55.014540837224544,Low
0.0342592447996139,0.1238530019445794,0.0230285812672176,-194.8734588623047,50.87516204829039,56.35293864446606,-222.16026306152344,52.66650282624723,55.176333251413126,Low
0.0353515148162841,0.1461093218279047,0.0284597309998379,-195.3691253662109,51.05161744449846,56.55724609058499,-219.29409790039065,52.46682231506513,55.00737281887441,Low
0.0378061644732952,0.1627572516609949,0.0340807810727596,-195.63861083984372,51.19766346621293,56.76323731972127,-224.8907623291016,52.7863111329565,55.33914966822315,Low
0.0400162935256958,0.1889761586452762,0.0456520418084589,-195.87913513183597,51.36097775887214,56.92557679063361,-224.7881774902344,52.75866306217743,55.293069550258046,Low
0.0428903922438621,0.2066242302706206,0.0523998339005023,-196.48709106445312,51.55375192432344,57.177574542213584,-231.0423889160156,53.04947980666831,55.56750225280577,Low
0.0461289286613464,0.2179422905525846,0.0598565872630043,-196.7947998046875,51.744728366553225,57.41407642602495,-231.54640197753903,53.07610387482592,55.53166216105513,Low
0.0492603108286857,0.2173092894182466,0.0671487603305785,-197.4605407714844,52.0062970952844,57.78230584589208,-231.36712646484372,53.00954370443189,55.51937412959778,Low
0.048896886408329,0.2061304893858369,0.0635153338194782,-197.89456176757807,52.20066642359424,58.07351168773295,-229.43463134765625,52.91635946588024,55.41390185958876,Low
0.0540796108543872,0.2224492586290714,0.0753777750769729,-198.47018432617188,52.39926419948144,58.34984200291687,-233.6837310791016,53.117063979683785,55.56852625542721,Medium
0.058439414948225,0.2407176713660671,0.0833662493923189,-199.2862091064453,52.65589551936477,58.715830598768434,-235.2243194580078,53.189768165806505,55.71086261980831,Medium
0.0497825853526592,0.1942680481283422,0.0610086493274995,-201.06341552734372,53.052382109868745,59.17095841435748,-230.55523681640625,52.811911198492666,55.42721389366757,Medium
0.0433011502027511,0.1390070491006319,0.0514883122670555,-201.11134338378903,53.01612380489386,59.16260279938421,-228.1057586669922,52.64807077906119,55.23674940607848,Medium
0.0400607697665691,0.1512366310160427,0.0427782166585642,-200.3714599609375,52.7993082563604,58.88548756279371,-226.6511383056641,52.61837470303924,55.05857294994675,Low
0.0290924962610006,0.0865439150866958,0.0293332725652244,-199.5757598876953,52.72696888672824,58.808742505266565,-221.54632568359372,52.31219791922668,54.76775620545589,Low
0.029848663136363,0.0977227151191054,0.023218481607519,-199.4739227294922,52.67149266731486,58.828833961270455,-221.37364196777344,52.235397722618174,54.68583599574015,Low
0.030029172077775,0.0982037959812024,0.0277887497974396,-199.87489318847656,52.84168135229298,59.04343400583374,-222.30349731445312,52.24358974358975,54.69914802981896,Low
0.0319031253457069,0.1071037919299951,0.0275102292983309,-200.4021453857422,53.06270002835846,59.35109787716739,-213.39016723632807,51.65171622839354,54.061194396657655,Low
0.0277084298431873,0.0782895802949279,0.0201294360719494,-200.8455047607422,53.225444619996765,59.70342630853994,-209.13943481445312,51.354755468174,53.77652166789547,Low
0.0292461067438125,0.085847613838924,0.0236236023334953,-200.96286010742188,53.2868963701183,59.78600763652568,-210.1453399658203,51.39776357827476,53.79597771770296,Low
0.0304289944469928,0.0888733592610598,0.0240413830821584,-200.9287872314453,53.26955213903744,59.850054691298006,-213.80523681640625,51.60256410256411,53.92500204800525,Low
0.0319707356393337,0.0937348079727758,0.0251428050559066,-201.31982421875,53.31367231810079,60.00677311213741,-207.46002197265625,51.16531498320636,53.53280904399115,Low
0.0307220574468374,0.0929372265435099,0.0231045414033381,-201.50848388671875,53.28764331145681,60.08840493842165,-208.5000457763672,51.185795035635294,53.60346522487097,Low
0.0305986683815717,0.0952286906498136,0.0193698347107438,-200.94851684570312,53.04601411845729,59.8797930845892,-218.3093719482422,51.73363643810928,54.155402637830754,Low
0.0302464459091424,0.1059137497974396,0.0224082401555663,-200.963134765625,52.94263237319722,59.73310140171771,-219.0869140625,51.78381256656017,54.12058654870157,Low
0.0301982052624225,0.1005459001782531,0.0193951547561173,-200.53448486328125,52.73645124372063,59.4449972654351,-220.6619110107422,51.90874088637667,54.27725894978291,Low
0.0269457399845123,0.0795176024955436,0.0155718279047156,-200.3222198486328,52.58313836898396,59.15912129314536,-224.18972778320312,52.1483574997952,54.36941918571312,Low
0.0259390473365783,0.0706935666828715,0.0096342772646248,-199.81076049804688,52.39411157024794,58.872067938745744,-223.97837829589844,52.1463094945523,54.32538707299091,Low
0.0234838370233774,0.0640343947496353,0.0077605939069842,-199.62722778320312,52.222656883001136,58.53646339734241,-229.7994537353516,52.49447038584418,54.68378799049726,Low
0.024631967768073,0.0722380894506563,0.0102292983309026,-198.9593811035156,51.97738160346783,58.289529654837146,-233.14073181152344,52.74330302285573,54.871180470222,Low
0.0228934995830059,0.0679590017825312,0.009570977151191,-198.64630126953125,51.79740672095284,58.17979257818831,-234.31576538085935,52.827271237814365,54.95105267469484,Low
0.0216564871370792,0.0658827580619024,0.0088113757899854,-198.15396118164065,51.417454120077785,57.97921983876195,-235.2682647705078,52.896903416072746,54.99201277955271,Low
0.0213531628251075,0.0647560160427807,0.0100773780586614,-197.93556213378903,51.08657176713661,57.69729379355047,-237.8255157470703,53.07303186696159,55.23470140083558,Low
0.0213772412389516,0.0694275644141954,0.0112167801004699,-197.1543731689453,50.74304205153136,57.248432689191375,-240.12550354003903,53.273736380765136,55.36577373638076,Low
0.0207142308354377,0.0673513206935666,0.0100140779452276,-196.2771148681641,50.47042112299466,56.849186213741696,-245.31182861328125,53.68231342672237,55.70983861718686,Low
0.0209184009581804,0.0708454869551126,0.0131284435261707,-195.63609313964844,50.26002420596337,56.53439474963539,-245.0434417724609,53.70176947652986,55.665806504464655,Low
0.0216744039207696,0.0712252876357154,0.0160275887214389,-195.11599731445312,50.02277538081348,56.169191075190405,-245.84066772460935,53.862537888097,55.73543868272303,Low
0.0215449500828981,0.0667689596499756,0.0151287271106789,-194.39356994628903,49.86508213822719,55.90882504861449,-244.137939453125,53.847177848775296,55.81326288195297,Low
0.0214364882558584,0.0668955598768433,0.0156351280181494,-194.04974365234372,49.84135725571221,55.74363707259763,-243.6088714599609,53.8912099614975,55.91771114934054,Low
0.0235119238495826,0.0735294117647058,0.0198762356182142,-193.85540771484372,49.8164043509966,55.69465544482256,-238.3269500732422,53.651593348078976,55.69140657000082,Low
0.024204347282648,0.0726558701993194,0.020838397342408,-193.3206024169922,49.92388794360719,55.72358359666181,-238.97427368164065,53.73658556565905,55.80199885311706,Low
0.0258291289210319,0.0725292699724518,0.0206231769567331,-193.1639862060547,49.97452803435424,55.65716911764705,-237.14105224609372,53.63828131400017,55.74158269845171,Low
0.0255568958818912,0.0683261424404472,0.0184329930319235,-193.35150146484372,50.11330720304651,55.74842256117323,-237.33164978027344,53.60448922749242,55.79687884000983,Low
0.0256021935492753,0.0689971236428455,0.0185722532814778,-193.3722381591797,50.25209903176147,55.862476705558265,-236.64649963378903,53.54714508069141,55.79483083476694,Low
0.0253788605332374,0.0613757899854156,0.0160275887214389,-193.52218627929688,50.39461290714633,56.07498784637822,-233.05165100097656,53.29728844105841,55.59719832882772,Low
0.027046762406826,0.0702378058661481,0.0186988535083454,-193.5009765625,50.54012720790796,56.25627937125264,-237.0666961669922,53.46522487097567,55.86958302613255,Low
0.0268510337918996,0.0701998257980878,0.0211422378868902,-193.68528747558597,50.778274894668606,56.57404594069032,-234.6039123535156,53.27271237814368,55.74158269845171,Low
0.0257819145917892,0.0660599983795171,0.0181291524874412,-194.0059509277344,51.10456165937449,56.9309446402528,-236.76568603515625,53.28807241746539,55.7589907430163,Low
0.0268083587288856,0.0749599943283098,0.020889037433155,-194.5986328125,51.5119232093664,57.30882099740723,-240.3378753662109,53.4089047267961,55.87982305234701,Low
0.0277347825467586,0.0860375141792254,0.0280546102738616,-195.02767944335935,51.75807203046507,57.52948519283747,-241.65866088867188,53.41402473990333,55.88084705496846,Low
0.0290549043565988,0.0960895721925133,0.0338782207097715,-195.2245330810547,51.96111347431535,57.76534141549183,-243.4134063720703,53.475464897190136,55.82862292127467,Low
0.0316628105938434,0.1155860071301247,0.0408285731648031,-195.7335205078125,52.15169745584184,57.935568080538005,-246.7905120849609,53.66183337429343,56.03444744818547,Medium
0.0326465629041194,0.1223337992221682,0.046753463782207,-195.7353515625,52.26630864122509,58.03689890212284,-251.31854248046875,53.92397804538379,56.24539198820349,Medium
0.0392468385398387,0.1595542659212445,0.0654396572678658,-196.42657470703125,52.449195328958034,58.25301814940852,-249.99676513671875,53.86765790120423,56.16859179159499,Medium
0.0412123836576938,0.1573894020418084,0.0701998257980878,-196.88438415527344,52.69488838923999,58.48403824339653,-251.95162963867188,53.99053821577783,56.24743999344638,Medium
0.0422507710754871,0.1535280951223464,0.0653890171771187,-197.43885803222656,52.8905237198185,58.63348981121375,-256.1786193847656,54.240394855410834,56.50548865405095,Medium
0.0437323860824108,0.1602505671690163,0.0714911481121374,-198.12159729003903,53.11006117322962,58.9207837060444,-253.98292541503903,54.12161055132301,56.40206438928483,Medium
0.0503892228007316,0.181266204829039,0.0867084953816237,-198.42042541503903,53.19114861853832,59.08098363312268,-257.88702392578125,54.324363070369465,56.624272958138775,Medium
0.0542439855635166,0.1924576648841354,0.096051592124453,-199.4798889160156,53.53836240074542,59.45278317938746,-259.8236999511719,54.42778733513558,56.74203325960514,Medium
0.0530164167284965,0.1695683438664722,0.087695977151191,-201.81712341308597,53.91968228407066,59.8694751660995,-255.6787567138672,54.164618661423766,56.539280740558695,High
0.0458279661834239,0.149211027386161,0.0682501823043266,-201.8829498291016,53.99179377329444,59.91541838842976,-257.87481689453125,54.28237896289014,56.66011304988941,Medium
0.04216268658638,0.1399692108248258,0.0614264300761627,-200.93228149414065,53.80195673310647,59.74187479743964,-255.7759704589844,54.152330629966414,56.53723273531581,Medium
0.0360712073743343,0.1242961027386161,0.0523491938097553,-200.1512756347656,53.751354622427485,59.69291848970993,-254.11094665527344,54.08679446219382,56.34164823461948,Medium
0.0373793169856071,0.1298665127207907,0.0517541727434775,-200.87863159179688,54.24620958920758,60.42066723383568,-252.9231414794922,53.9546981240272,56.19316785450971,Medium
0.0386521145701408,0.1332340787554691,0.0531847553070815,-201.2086639404297,54.31681453573165,60.59651494895479,-249.395263671875,53.71303350536577,55.97710330138446,Medium
0.0385901667177677,0.1283346499756927,0.0489183276616431,-201.22938537597656,54.40200382839087,60.66603113352779,-249.5331573486328,53.70996149750143,55.94331121487672,Medium
0.0406382009387016,0.1398552706206449,0.0533999756927564,-201.3107147216797,54.41696797520661,60.68105858045698,-249.5243377685547,53.64442532972884,55.87879904972557,Medium
0.0413946807384491,0.138424688057041,0.0590590058337384,-201.7330322265625,54.49444731404959,60.82281285448063,-250.01495361328125,53.65056934545752,55.97915130662735,Medium
0.0397113896906375,0.1238909820126397,0.0572486225895316,-201.89276123046875,54.53175640090747,60.9030773983147,-245.6400909423828,53.34029655115917,55.655566478250186,Medium
0.0420728251338005,0.1423492950899368,0.0665537392643007,-201.6539001464844,54.3997630043753,60.7329646734727,-250.94711303710935,53.662857376914886,55.96481526992709,Medium
0.041939441114664,0.1386652284880894,0.0597932871495705,-201.4371795654297,54.234423108086204,60.51920019040674,-249.59979248046875,53.49901695748341,55.81940689768166,Medium
0.0413061790168285,0.1388677888510776,0.0571473424080375,-200.88525390625,54.0424212040188,60.28309076729865,-248.7618103027344,53.50925698369788,55.78459080855247,Medium
0.0391541942954063,0.1252582644628099,0.0557294198671204,-200.8019256591797,53.87211857883649,60.08358146977799,-248.91879272460935,53.60960924059965,55.78459080855247,Medium
0.0356702245771884,0.117054569761789,0.0475257251660995,-200.32403564453125,53.54303394911683,59.86054985010533,-252.17466735839844,53.853321864503975,56.02420742197099,Medium
0.0343905910849571,0.1216121779290228,0.0486651272079079,-199.95489501953125,53.21483552098525,59.55456976178901,-253.75286865234372,53.92090603751946,56.156303760137625,Medium
0.0321618914604187,0.1152695065629557,0.0426136363636363,-199.223876953125,52.87429357073408,59.27185879517096,-259.21563720703125,54.32845908085525,56.61300892930286,Medium
0.0335732698440551,0.1224603994490358,0.0545646977799384,-198.833984375,52.58158118619348,58.93543135229299,-265.5731811523437,54.74522814778405,57.06254608011796,Medium
0.0340876281261444,0.1320820166909739,0.0594261464916545,-198.25001525878903,52.17381451547561,58.6098155687895,-268.5561218261719,54.93364463013025,57.301138690915046,Medium
0.0296808388084173,0.108749594879274,0.0447405201750121,-198.04803466796875,51.69507575757576,58.31210247528763,-266.8902587890625,54.90497255672975,57.24072253624969,Medium
0.0301468186080455,0.1163582685140171,0.0461078026251823,-197.182373046875,51.16344342489062,57.94777234240803,-265.8627624511719,54.90497255672975,57.29499467518637,Medium
0.0296559911221265,0.1120918408685788,0.0451836209690487,-196.4966583251953,50.711151454383405,57.38900958110517,-269.45281982421875,55.2131973457852,57.6114114852134,Medium
0.0279051717370748,0.1035969656457624,0.0377015475611732,-195.89488220214844,50.441265090747045,56.86160569599741,-265.8033142089844,55.04526091586794,57.43425903170312,Low
0.0278751961886882,0.0990899975692756,0.0383345486955112,-195.2660217285156,50.10942057608168,56.33123936558094,-270.63641357421875,55.40673384123863,57.81621200950274,Medium
0.0283946543931961,0.099862258953168,0.0374863271754983,-194.36122131347656,49.90684755307082,55.95424921001458,-270.8456115722656,55.43335790939625,57.88789219300401,Low
0.0273467674851417,0.0963807527143088,0.0333591597796143,-193.99598693847656,49.76616938097553,55.67675417274348,-269.81951904296875,55.47329401163267,57.96674039485541,Low
0.0265843980014324,0.084999392318911,0.03009287392643,-193.57125854492188,49.74254577864203,55.61602404391509,-262.6275939941406,55.07905300237569,57.61653149832063,Low
0.0268210526555776,0.083784030140982,0.027130428617728,-193.14276123046875,49.80947931858694,55.62415177847999,-258.288818359375,54.84558040468583,57.43118702383878,Low
0.0259100887924432,0.0814799060119915,0.0278014098201264,-192.94223022460935,49.85482751985092,55.631937692432345,-246.7668914794922,54.16257065618088,56.77377734086999,Low
0.026484290137887,0.0758841759844433,0.026180926916221,-193.05198669433597,50.02413000324096,55.82104045130449,-250.57130432128903,54.37351519619891,56.98164987302368,Low
0.026484290137887,0.0758841759844433,0.026180926916221,-193.05198669433597,50.02413000324096,55.82104045130449,-250.57130432128903,54.37351519619891,56.98164987302368,Low
0.0268215611577034,0.0855564333171285,0.0240287230594717,-193.10931396484372,50.22336078026252,56.03265273051369,-252.1096954345703,54.41857131154256,57.02670598836733,Low
0.0251427479088306,0.070718886728245,0.0221676997245179,-193.34576416015625,50.50075453735213,56.4105544077135,-247.2847595214844,54.11546653559434,56.68366511018268,Low
0.0255538485944271,0.0717949886566196,0.0217752390212283,-193.4264068603516,50.759689981364446,56.77501114081996,-247.302734375,54.02433030228557,56.57000081920209,Low
0.0255257803946733,0.0732255712202236,0.0205345567979257,-193.5742034912109,51.04388217063685,57.16706672338356,-246.28472900390625,53.88404194314737,56.455312525600064,Low
0.026571225374937,0.0735800518554529,0.0222689799060119,-194.42308044433597,51.3722071989953,57.59971033868093,-242.5832672119141,53.57581715409191,56.18702383878102,Low
0.0273535642772912,0.0804291241289904,0.0269911683681737,-194.7413482666016,51.66513480392156,57.90394334386647,-251.45199584960935,54.02535430490703,56.67342508396821,Low
0.0287395250052213,0.0941019486306919,0.0328147788040836,-195.063720703125,51.88211493274996,58.039874007454216,-254.1376800537109,54.16973867453101,56.75534529368396,Low
0.0322801992297172,0.1150796062226543,0.0434365378382758,-195.37982177734372,51.9797110476422,58.07780343542376,-257.4754943847656,54.3755632014418,56.95400180224461,Medium
0.0337407812476158,0.123663101604278,0.0490955679792578,-195.81753540039065,52.14765890860477,58.18786967266245,-259.6828918457031,54.452363398050295,57.05845006963218,Medium
0.040152370929718,0.1550093177766974,0.0696301247771836,-195.9183654785156,52.29485699238373,58.287795231729056,-265.5401916503906,54.86196444662899,57.3461948062587,Medium
0.0390047654509544,0.1466790228488089,0.0644521754982984,-196.31100463867188,52.405442290552585,58.37860557446118,-266.8847351074219,54.96948472188089,57.402514950438274,Medium
0.0398509241640567,0.1468056230756765,0.0663005388105655,-196.8831329345703,52.54041079241614,58.55083252309188,-268.0458679199219,55.0442369132465,57.48238715491112,Medium
0.0451621487736702,0.1740626519202722,0.0827332482579808,-197.4241180419922,52.66439039458759,58.81844008264463,-268.118896484375,55.05447693946096,57.575571393462766,Medium
0.0484262630343437,0.1779745989304813,0.0903292618700372,-198.10171508789065,52.83751620482904,59.11526697455842,-265.99609375,54.90599655935119,57.49057917588269,Medium
0.051884040236473,0.1891533989628909,0.0975201547561173,-198.52120971679688,52.98090362177928,59.35449076324745,-268.3186950683594,55.02580486606045,57.52641926763332,High
0.0535820946097373,0.2087764341273699,0.1009383608815427,-199.5583648681641,53.24673877815589,59.742862279209206,-267.08154296875,54.92852461702302,57.47726714180388,High
0.0478653386235237,0.1817852657591962,0.0832649692108248,-201.39048767089844,53.60565042132556,60.24474355858046,-259.5707702636719,54.49946751863685,57.016465962152864,High
0.0410119369626045,0.1519835723545616,0.0647180359747204,-201.2861175537109,53.598864649165456,60.31971621293145,-259.7976379394531,54.50663553698697,56.99291390185959,Medium
0.040186233818531,0.1430582563603954,0.0581474842002916,-200.34112548828125,53.29021329606223,59.96937540512073,-248.35940551757807,53.79392971246006,56.33345621364791,Medium
0.033155657351017,0.1082811740398638,0.0407146329606222,-199.9608917236328,53.23214177199805,59.91015181899206,-249.3623809814453,53.81645777013189,56.36622429753421,Medium
0.0334395542740821,0.1130160225247123,0.0350176227515799,-199.7963714599609,53.1614355452925,59.94948650947982,-247.4694061279297,53.61882526419267,56.21569591218154,Low
0.035551905632019,0.1296639523578026,0.0435378180197698,-200.2677154541016,53.34994328309837,60.3107782369146,-245.56619262695312,53.43348078971082,56.01191939051364,Medium
0.0361755490303039,0.1274990884783665,0.0410311335277912,-200.6577911376953,53.48955801328796,60.56653601523254,-241.49758911132807,53.15188006881297,55.74772671418039,Medium
0.034731276333332,0.1190548533462972,0.0447152001296386,-200.97036743164065,53.78862572921731,60.94809643898882,-239.98779296875,52.999303678217416,55.68833456213648,Medium
0.0393145829439163,0.1487426065467509,0.0585272848808945,-201.06842041015625,53.79676612380489,60.95512275157997,-242.6787872314453,53.11603997706234,55.85627099205374,Medium
0.0385114103555679,0.1516417517420191,0.0560079403662291,-200.96649169921875,53.804260857235455,61.02190437125263,-240.0154266357422,52.94605554190219,55.71905464077989,Medium
0.0397279113531112,0.1581363433803273,0.0667056595365419,-201.33631896972656,53.81925032409658,61.00077479338844,-242.03944396972656,53.07507987220448,55.79278282952404,Medium
0.0423725396394729,0.1660994976502998,0.0757702357802625,-201.4685821533203,53.72997184410955,60.9070020053476,-238.025634765625,52.86413533218644,55.51630212173343,Medium
0.0419692359864711,0.1694797237076648,0.0759601361205639,-201.24996948242188,53.56432810727597,60.69333880246314,-241.3316345214844,53.10067993774064,55.71700663553699,Medium
0.0401991866528987,0.1555030586614811,0.0669841800356506,-200.8620758056641,53.320141589693726,60.2496809674283,-241.02735900878903,53.12525600065536,55.70574260670107,Medium
0.0407513827085495,0.1585288040836169,0.0719975490196078,-200.3983917236328,53.06195308701993,59.92210288040836,-240.24742126464844,53.12320799541247,55.65659048087163,Medium
0.0395272560417652,0.1637953735213093,0.0684907227353751,-200.0191650390625,52.83474365986064,59.63673330902609,-244.4124755859375,53.37408863766692,55.89825509953306,Medium
0.0378430671989917,0.1656184167882028,0.0743523132393453,-199.7528076171875,52.51087495948793,59.26884570977151,-248.525390625,53.683337429343815,56.1010076185795,Medium
0.0374731868505477,0.1606177078269324,0.0718203087019931,-199.24822998046875,52.17264979338842,58.87991715281154,-255.013427734375,54.11751454083722,56.45121651511428,Medium
0.0380145758390426,0.1599467266245341,0.0707442067736185,-198.48724365234372,51.77189677523902,58.562986144871175,-258.65643310546875,54.37658720406324,56.63246497911034,Medium
0.0387522988021373,0.1650866958353589,0.0768083576405768,-198.1732177734375,51.22823742100145,58.18835075352455,-263.5502319335937,54.731916113705246,56.95604980748751,Medium
0.0363176316022872,0.1490337870685464,0.064477495543672,-197.901123046875,50.81417871900826,57.82399530059957,-262.77313232421875,54.71962808224789,56.918161710493976,Medium
0.0345857292413711,0.1435266771998055,0.0597806271268838,-197.3909149169922,50.49682993031923,57.30474447010209,-260.15594482421875,54.63565986728926,56.81576144834931,Medium
0.0350884534418582,0.1512492910387295,0.0568435018635553,-196.6825408935547,50.14973008831631,56.60021420758387,-266.6162414550781,55.035020889653474,57.26734660440731,Medium
0.0323929376900196,0.1433241168368174,0.0518681129476584,-195.64251708984372,49.796186294765846,55.94393129152488,-268.2362060546875,55.230605390349794,57.484435160154014,Medium
0.0343155339360237,0.1571108815426997,0.0602743680116674,-195.2635040283203,49.59003048533463,55.596413668773295,-264.4559326171875,55.06676497091833,57.36053084295896,Medium
0.0333042480051517,0.1476158645276292,0.0577930035650623,-194.9590759277344,49.42309542618701,55.32632474477395,-263.02032470703125,55.02785287130335,57.36257884820185,Medium
0.0334767214953899,0.1505276697455841,0.0562484807972775,-193.8583526611328,49.21402781153784,54.98082006562955,-261.20361328125,55.00634881625297,57.35029081674449,Low
0.0317028909921646,0.1388044887376438,0.0479688259601361,-193.53941345214844,49.10768362096905,54.81992383730352,-259.0488586425781,54.97972474809536,57.301138690915046,Low
0.0342907421290874,0.1476538445956895,0.0547545981202398,-193.0057830810547,49.07410924080376,54.73667152811538,-256.5591125488281,54.89268452527239,57.16801835012698,Low
0.036464873701334,0.1659982174688057,0.0570840422946037,-192.69552612304688,49.11345659131421,54.75929498865661,-251.6224365234375,54.70119603506185,56.91508970262964,Low
0.0372728779911994,0.1527811537838276,0.0554508993680116,-192.57313537597656,49.19437945632799,54.79016012396695,-248.05943298339844,54.50663553698697,56.77480134349145,Low
0.0403527095913887,0.1656563968562631,0.0613378099173553,-192.7121734619141,49.29012720790796,54.93519334386647,-249.3871917724609,54.57114770213811,56.94888178913738,Low
0.0413956046104431,0.1605037676227515,0.0636166140009722,-192.919677734375,49.46731688543186,55.131537635715446,-248.6510772705078,54.54964364708773,56.93659375768002,Low
0.0439665541052818,0.1724041889483065,0.0702251458434613,-192.9316253662109,49.67454879679145,55.39824633365743,-246.70590209960935,54.38375522241336,56.86900958466453,Low
0.0440083853900432,0.160111306919462,0.0699846054124129,-193.4919586181641,49.976376397666506,55.84235992950899,-244.97320556640625,54.23937085278938,56.70516916523306,Low
0.0482003763318061,0.1783417395883973,0.0798087830173391,-193.5051422119141,50.232159496029816,56.24920241857073,-249.92578125,54.44417137707872,57.04206602768903,Low
0.0551185011863708,0.1849629314535731,0.0831890090747042,-194.83544921875,51.01020651029007,57.00879111975369,-255.1433868408203,54.59162775456705,57.35131481936594,Medium
0.0586584359407424,0.1971798533462972,0.0936841678820288,-195.15621948242188,51.34348160751904,57.2858050761627,-258.5068664550781,54.751372163512734,57.54280330957647,Medium
0.0593318603932857,0.2058266488413547,0.0905571422783989,-195.3403778076172,51.58036329201102,57.49329018797602,-263.67657470703125,55.05038092897517,57.78139592037356,Medium
0.0622028782963752,0.2300452722411278,0.1029639645114244,-195.7772216796875,51.82951253848647,57.688811578350354,-265.9322509765625,55.20807733267797,57.95240435815515,Medium
0.0736358612775802,0.2800776818992059,0.1347153014098201,-196.16346740722656,52.00789225814293,57.83349031761465,-268.2490234375,55.35450970754485,58.07323666748587,High
0.0770463868975639,0.2838377086371739,0.1380448873764382,-196.8306427001953,52.23538020580133,58.0108192553881,-272.4572448730469,55.6361104284427,58.40808552469894,High
0.0813986137509346,0.2999285974720466,0.1508948104035002,-197.298828125,52.4510436922703,58.19951689353427,-273.95343017578125,55.74772671418039,58.55349389694437,High
0.0844138711690902,0.3127405404310485,0.1554650785934208,-198.1516265869141,52.680240742991415,58.51463751823043,-272.2564392089844,55.60129433931351,58.46338166625706,High
0.0860957726836204,0.3128544806352293,0.1574527021552422,-198.5616149902344,52.79445946767136,58.6749387254902,-272.2132873535156,55.57979028426313,58.4992217580077,High
0.095628410577774,0.3517207502835845,0.1893432993031923,-199.04156494140625,52.97059836331227,58.84578573164803,-276.1663818359375,55.81121487671008,58.72859834521177,High
0.1013478860259056,0.3641655525846702,0.1976356141630205,-200.3525390625,53.32173675255226,59.22164914519527,-274.7932434082031,55.69447857786516,58.60059801753093,High
0.091421440243721,0.3134115216334467,0.1698721844109544,-202.77850341796875,53.69963842975206,59.65310271836008,-270.9462585449219,55.53166216105513,58.37326943556975,High
0.0819424092769622,0.2861165127207908,0.1491350672500405,-201.3371124267578,53.34130914762599,59.29755864122509,-269.2037658691406,55.4937740640616,58.24936511837471,High
0.0689435973763465,0.2455664600550964,0.1265116067087992,-200.6029052734375,53.25527163344677,59.15734888996921,-268.2237854003906,55.46510199066109,58.22171704759565,High
0.0693720281124115,0.2588468238535084,0.126258406255064,-200.2313537597656,53.16016954302382,59.17186993599093,-266.320068359375,55.285901531907925,58.0363725731138,Medium
0.0700094997882843,0.2544664560038891,0.1226376397666504,-200.7144927978516,53.350462344028514,59.473836797115545,-263.2738952636719,55.07598099451134,57.874580158925205,High
0.0683345794677734,0.2449334589207583,0.1248531437368335,-201.26028442382807,53.59191429671042,59.840103913466216,-255.0384979248047,54.56807569427377,57.42606701073155,High
0.0691955685615539,0.2578087019931939,0.127790269000162,-201.5205841064453,53.56656893129153,59.94321979824988,-259.3918151855469,54.80769230769232,57.60219546162039,High
0.067886009812355,0.2493138267703775,0.1240682223302544,-201.6436920166016,53.8231496110841,60.31900725166099,-255.29251098632807,54.42471532727124,57.474195133939546,High
0.0672079771757125,0.2622143898881867,0.1252835845081834,-201.6654815673828,53.835923573975045,60.35912686355533,-252.78607177734372,54.2485868763824,57.2714426148931,High
0.0624498799443244,0.2369956246961594,0.1085976746070329,-202.2078399658203,53.90122397099335,60.49096833981527,-253.0229949951172,54.2025067584173,57.29806668305071,High
0.058447178453207,0.2226518189920596,0.0982164560038891,-202.1532440185547,53.95050943931291,60.50636292740237,-250.1016387939453,54.02330629966413,57.15265831080527,High
0.0542138703167438,0.2179422905525846,0.0917598444336412,-201.85223388671875,53.80916028601524,60.37405303030303,-252.98915100097656,54.21581879249611,57.24993855984272,High
0.0547056980431079,0.2240444214876033,0.0959123318748987,-201.6461181640625,53.64920089936801,60.12572668530222,-256.99267578125,54.42471532727124,57.50593921520439,High
0.0535250157117843,0.2192589329120078,0.0952286906498136,-201.29771423339844,53.50043297277589,59.89720061578351,-252.212646484375,54.17690669288113,57.2560825755714,High
0.0526120923459529,0.2174358896451142,0.0966592732134175,-200.8529357910156,53.25887973991249,59.609514260249554,-256.2152404785156,54.40935528794954,57.509011223068725,High
0.0482775904238224,0.1944326284232701,0.0802518838113757,-200.6245880126953,52.97042112299465,59.29640657916059,-258.13385009765625,54.50663553698697,57.63086753502089,Medium
0.0479799881577491,0.1978888146167557,0.0776439191379031,-199.95822143554688,52.562261991573486,58.88395570004862,-261.1225280761719,54.70631604816908,57.79368395183092,Medium
0.0511630438268184,0.216283827580619,0.0898735010533138,-199.1758728027344,52.11623673229623,58.49620452519852,-267.7040710449219,55.10874907839764,58.17461292700909,High
0.0511371493339538,0.2113843988008426,0.0949881502187652,-198.6885986328125,51.63628261221845,58.07334710743801,-272.6454162597656,55.34836569181617,58.39886950110592,High
0.0473101697862148,0.1963442918489709,0.0836954099821746,-198.39219665527344,51.35533138875385,57.706484970021066,-273.53497314453125,55.38932579667404,58.46338166625706,High
0.0463688522577285,0.1954707502835845,0.082302807486631,-197.8335876464844,51.09819366796305,57.32944417436397,-271.586669921875,55.3094535922012,58.30568526255428,Medium
0.0421854294836521,0.1642131542699724,0.0687819032571706,-197.07034301757807,50.825674019607845,56.865631583211794,-272.9040222167969,55.46510199066109,58.35995740149095,Medium
0.0394770503044128,0.1662260978771674,0.0649712364284556,-196.22755432128903,50.51787088802463,56.35482498784638,-278.0550231933594,55.79790284263128,58.64975014336037,Medium
0.0345554761588573,0.1393488697131745,0.0452722411278561,-195.3856201171875,50.218967752390206,55.94760269810404,-281.54425048828125,56.081551568772014,58.815638568034736,Medium
0.0334578938782215,0.1314869956246961,0.0427528966131907,-194.96046447753903,50.00022788040837,55.66958859990277,-283.80523681640625,56.29352011141149,58.97538297698042,Medium
0.0334947928786277,0.1288410508831632,0.0405500526656943,-194.1372985839844,49.79245158807324,55.39021987927403,-284.9724426269531,56.428688457442455,59.1064553125256,Low
0.0352743044495582,0.1386145883973424,0.0426009763409496,-193.78414916992188,49.657660326527306,55.26593643655809,-283.26422119140625,56.33448021626936,59.11567133611862,Medium
0.0336107090115547,0.1169786096256684,0.0341061011181332,-193.5344390869141,49.70942715929347,55.31261394020418,-276.31158447265625,55.960719259441305,58.821782583763415,Low
0.0312770493328571,0.0995330983633122,0.0285103710905849,-193.47825622558597,49.82854531275321,55.44486053719008,-270.20281982421875,55.68731055951503,58.53096583927256,Low
0.0378032252192497,0.1258532855290876,0.0424237360233349,-193.1588287353516,49.9167097107438,55.48551187003727,-267.901611328125,55.42004587531744,58.37736544605554,Medium
0.0389645844697952,0.1272332280019445,0.0386510492626802,-193.3812713623047,50.11354774347756,55.69561760654676,-268.2982788085937,55.45588596706808,58.42549356926354,Low
0.0385256521403789,0.1252709244854966,0.035967124453087,-193.55604553222656,50.32632474477394,55.910065730837786,-269.6138000488281,55.50503809289752,58.58728598345212,Low
0.0395788922905921,0.1280814495219575,0.036916626154594,-193.90643310546875,50.61967013044887,56.15949349781235,-264.8336486816406,55.201933316949294,58.35790939624805,Low
0.0406210608780384,0.1336138794360719,0.0392207502835845,-193.8664093017578,50.82914286582402,56.35455912736995,-266.7413024902344,55.22958138772835,58.41115753256329,Low
0.0410357266664505,0.133132798573975,0.0366507656781721,-194.05587768554688,51.027044340463455,56.55515718684168,-268.0824890136719,55.26439747685754,58.45928565577128,Low
0.0418185032904148,0.1296512923351158,0.0382079484686436,-194.64944458007807,51.254684208394096,56.79064626883812,-265.8602600097656,55.092365036454495,58.2800851970181,Low
0.0428128838539123,0.1300943931291525,0.0397398112137417,-194.8808135986328,51.40860476421973,57.02642653135634,-273.66778564453125,55.49172605881871,58.68251822724666,Medium
0.0459162481129169,0.1470335034840382,0.0488297075028358,-195.0494537353516,51.54340868578837,57.19557709447415,-272.78839111328125,55.41287785696731,58.66613418530351,Medium
0.0452584102749824,0.1504137295414033,0.0528049546264786,-195.28988647460935,51.69927888510776,57.34995341111652,-271.5516052246094,55.32174162365856,58.58728598345212,Medium
0.0467553585767746,0.1653019162210338,0.0586665451304488,-195.90606689453125,51.89248349133042,57.50222816399288,-271.74627685546875,55.27361350045056,58.60059801753093,Medium
0.0508145540952682,0.1798862623561821,0.0720988292011019,-196.10498046875,52.04918925214714,57.648793246637496,-272.8539123535156,55.32378962890145,58.71938232161874,Medium
0.051244992762804,0.1835196888672824,0.0710986874088478,-196.74452209472656,52.29755357721601,57.92857974801491,-274.8746337890625,55.45588596706808,58.79003850249857,Medium
0.0541581101715564,0.1963442918489709,0.0845562915248744,-197.44239807128903,52.58370807000487,58.2337242748339,-274.9237060546875,55.49684607192594,58.80642254444172,High
0.0545333251357078,0.1976989142764544,0.0829991087344028,-198.0787048339844,52.824729581915406,58.55866907713499,-271.70977783203125,55.31662161055132,58.55349389694437,High
0.0570656321942806,0.2088650542861773,0.0925194457948468,-198.635498046875,53.00843917112299,58.85788871333657,-271.80133056640625,55.28487752928648,58.4859097239289,High
0.0611825212836265,0.2199678941824664,0.1061922702965483,-199.1583251953125,53.17282956571058,59.16369156133528,-271.0491027832031,55.23572540345704,58.40910952732039,High
0.0691392421722412,0.2467058620969048,0.1234478812186031,-200.2322540283203,53.4388293023821,59.571787392643,-268.8959350585937,55.120013107233554,58.29032522323258,High
0.0644820258021354,0.2147393048128342,0.1051414884135472,-202.30841064453125,53.76795191216984,60.06316085318425,-267.5713806152344,55.06778897353978,58.25038912099615,High
0.0632186308503151,0.2139797034516286,0.1058504496840058,-202.56446838378903,53.75857083535893,60.05738788283909,-264.9777526855469,54.94900466945195,58.12136479069386,High
0.0629380494356155,0.2111185383244206,0.1079646734726948,-201.4937896728516,53.53738757899854,59.74403966131907,-265.5776062011719,55.01044482673876,58.13467682477267,High
0.0515738390386104,0.1697076041160266,0.0842018108896451,-200.43463134765625,53.376617950899366,59.568584406903256,-263.4294128417969,54.87015646760056,57.95854837388384,Medium
0.0511241443455219,0.1741132920110192,0.0779730797277588,-200.11575317382807,53.11874594879274,59.49237107032895,-262.5989074707031,54.805644302449416,57.766035881051856,Medium
0.0530893020331859,0.1944326284232701,0.0848094919786096,-200.51898193359372,53.292897220871815,59.78681787797764,-263.1918334960937,54.78414024739904,57.71278774473663,Medium
0.0513761192560195,0.1851781518392481,0.078226280181494,-201.251708984375,53.652897625992544,60.28909161805218,-255.9825439453125,54.31821905464078,57.26017858605717,Medium
0.051452524960041,0.1895838397342408,0.0776185990925295,-201.4183807373047,53.615487258953166,60.38668773294442,-257.5036926269531,54.38989923814205,57.28065863848612,Medium
0.0549589768052101,0.2064343299303192,0.0849107721601037,-201.6613311767578,53.8128190325717,60.66001762275158,-257.922119140625,54.368395183091664,57.26017858605717,High
0.0564045682549476,0.2111818384378544,0.0874807567655161,-201.5373992919922,53.862458981526494,60.68818617322962,-251.65907287597656,53.9854182026706,56.87515360039321,High
0.0609276890754699,0.2407809714795009,0.098963397342408,-202.21409606933597,54.02995108167234,60.89575990520175,-252.5919952392578,53.96596215286311,56.93249774719423,High
0.0599059537053108,0.2328051571868416,0.0907597026413871,-202.282958984375,54.05518250688706,60.89335450089126,-250.7247009277344,53.80519374129597,56.87003358728598,High
0.057825144380331,0.2244875222816399,0.0849740722735375,-202.10716247558597,53.9795008912656,60.75747447739427,-254.9860382080078,54.0314983206357,57.113746211190296,High
0.0617009028792381,0.2318809755307081,0.0923042254091719,-201.85064697265625,53.79327195754334,60.52763176551612,-257.01220703125,54.16154665355944,57.17621037109855,High
0.0599610805511474,0.2261966253443526,0.0921016650461837,-201.47506713867188,53.64100986468968,60.26039134662129,-254.1884002685547,54.03559433112149,56.99803391496682,High
0.0549480020999908,0.2041681858693891,0.0737826122184411,-201.19125366210935,53.4432349902771,59.95628494166262,-259.68035888671875,54.341771114934055,57.24277054149258,Medium
0.0532457493245601,0.2086245138551288,0.0797328228812186,-200.88546752929688,53.19827621131097,59.58678951952682,-262.2687683105469,54.49025149504383,57.3441468010158,Medium
0.0528918430209159,0.2060925093177767,0.0790365216334467,-200.2263946533203,52.854037534435264,59.16790734888997,-269.5785522460937,54.93876464323749,57.77422790202343,Medium
0.0534562841057777,0.2149798452438827,0.0853538729541403,-199.79183959960935,52.628030809431216,58.93259550721115,-272.35662841796875,55.13844515441959,57.863316130089295,High
0.0490985102951526,0.1934071665856425,0.0724279897909577,-198.85989379882807,52.0336427442878,58.305202762923344,-280.46099853515625,55.71188662242975,58.363029409355285,Medium
0.0456446520984172,0.18184856587263,0.0687945632798574,-198.3147430419922,51.65829839167072,58.0253656214552,-281.9895935058594,55.8685590235111,58.45416564266405,Medium
0.0392493605613708,0.1430582563603954,0.0511211716091395,-197.79751586914065,51.24191024550316,57.593038506725,-283.1582336425781,56.04775948226427,58.6681821905464,Medium
0.0382285714149475,0.1416909739102252,0.0567802017501215,-196.8925018310547,50.85696959568951,57.14881097066926,-283.2050170898437,56.11739166052266,58.632342098795775,Medium
0.0387731082737445,0.1427544158159131,0.0536784961918651,-196.18826293945312,50.58115834143575,56.76509834305623,-278.9935607910156,55.8839190628328,58.4070615220775,Medium
0.0392488278448581,0.1393488697131745,0.0593248663101604,-196.05230712890625,50.43058003159941,56.5656650056717,-280.2545166015625,56.02727942983534,58.55656590480872,Medium
0.0395234487950801,0.1460080416464106,0.0596160468319559,-195.44032287597656,50.26810130043753,56.29428475935829,-278.8379821777344,55.99860735643484,58.55451789956583,Medium
0.0395234487950801,0.1460080416464106,0.0596160468319559,-195.44032287597656,50.26810130043753,56.29428475935829,-278.8379821777344,55.99860735643484,58.55451789956583,Medium
0.0404241196811199,0.1486793064333171,0.0572233025441581,-194.7828521728516,50.1343608207746,56.07702611003079,-272.9684753417969,55.7282706643729,58.281109199639545,Medium
0.0408585667610168,0.1419568343866472,0.0548432182790471,-194.60952758789065,50.0772641184573,55.900114953006,-273.63385009765625,55.8398869501106,58.35995740149095,Medium
0.0426278822124004,0.1478817250040512,0.0605528885107762,-194.3541412353516,50.23167841516772,56.00914306838438,-262.6044006347656,55.176333251413126,57.81621200950274,Low
0.044870663434267,0.1480969453897261,0.0629709528439475,-194.08384704589844,50.16166848970993,55.87998551693405,-257.3277893066406,54.920332596051445,57.496723191611366,Low
0.0450951270759105,0.1553384783665532,0.0632621333657429,-193.906005859375,50.23375465888835,55.92011778885107,-259.7848815917969,55.05242893421807,57.65441959531417,Low
0.0482033155858516,0.169631643979906,0.0752511748501053,-193.89129638671875,50.471028804083616,56.06356850591476,-254.64886474609372,54.69505201933317,57.45473908413206,Low
0.0471777282655239,0.1526925336250202,0.0669335399449035,-193.99581909179688,50.51212323772484,56.095800923675256,-259.477783203125,54.9367166379946,57.6267715245351,Low
0.0469002313911914,0.147679164641063,0.0605782085561497,-194.1898193359375,50.6933767825312,56.21086786987522,-261.9887084960937,55.013516834603095,57.82235602523143,Low
0.0457742027938365,0.1491350672500405,0.0582614244044725,-194.28564453125,50.87585834953816,56.37810676956733,-264.88482666015625,55.11796510199066,57.91144425329728,Low
0.0472315326333045,0.1527938138065143,0.0649712364284556,-194.63951110839844,51.12272879193,56.58741492464755,-264.7357788085937,55.03809289751782,57.90632424019005,Low
0.0475150644779205,0.1557562591152163,0.0695794846864365,-194.9357147216797,51.34075970264139,56.744525806190246,-269.1672058105469,55.23572540345704,58.0363725731138,Medium
0.0449540726840496,0.1460207016690974,0.0624392318911035,-195.1739501953125,51.47598140495868,56.9351477677848,-274.98016357421875,55.566478250184325,58.35688539362661,Medium
0.0468726344406604,0.1554144385026738,0.0702631259115216,-195.1223602294922,51.58614892237887,57.074509297520656,-279.27557373046875,55.787662816416805,58.57294994675186,Medium
0.0457455329596996,0.1474006441419543,0.071035387295414,-195.55963134765625,51.77214997569276,57.255800822395074,-280.17584228515625,55.84603096583928,58.60162202015237,Medium
0.0476967953145504,0.1569083211797115,0.0765931372549019,-195.65768432617188,51.904333272565225,57.37786876114082,-285.96392822265625,56.19214385188827,58.94773490620136,Medium
0.0483776777982711,0.1584275239021228,0.0773907186841678,-196.240478515625,52.02186892318911,57.549196848160754,-289.46795654296875,56.45428852297862,59.17813549602688,Medium
0.0449375621974468,0.1421720547723221,0.0664651191054934,-196.6896514892578,52.23336726219413,57.81353812186032,-287.75787353515625,56.35291226345539,59.13717539116901,Medium
0.0447831638157367,0.1506795900178253,0.0671487603305785,-197.2389068603516,52.429027912818015,58.0229728771674,-290.4642333984375,56.56283280085197,59.296919800114686,Medium
0.0439331643283367,0.1505023497002106,0.0624012518230432,-198.1206512451172,52.65040106951872,58.33301683276616,-291.5004577636719,56.6314409764889,59.29077578438601,Medium
0.0456257574260234,0.1579464430400259,0.064793996110841,-198.5471954345703,52.78320470750284,58.5260441986712,-292.2130432128906,56.68468911280413,59.29794380273613,Medium
0.0495787747204303,0.1781518392480959,0.0743016731485982,-199.3763885498047,53.12845618619348,58.98990742991411,-290.7965087890625,56.58638486114525,59.17506348816253,Medium
0.049070730805397,0.1567184208394101,0.0735294117647058,-201.88699340820312,53.55663081348242,59.47877420596338,-283.05029296875,56.08257557139347,58.69583026132547,High
0.0422138161957263,0.139108329282126,0.0588437854480635,-201.8290863037109,53.468846216172416,59.5247554083617,-282.7591552734375,56.03035143769968,58.70914229540427,High
0.0459938310086727,0.161909030140982,0.0729850307891751,-200.59039306640625,53.20430238210987,59.64603842570085,-269.3773193359375,55.1056770705333,57.62062750880642,Medium
0.0435587540268898,0.1530343542375628,0.0646040957705396,-200.9429626464844,53.23695258061903,59.81934147625992,-265.6512145996094,54.87425247808635,57.34209879577292,Medium
0.0462751537561416,0.1644536947010209,0.0738965524226219,-200.9324493408203,53.22206439393939,59.96129831064657,-269.0462951660156,55.04833292373228,57.52744327025477,High
0.0521617382764816,0.1817346256684492,0.0874047966293955,-200.9654235839844,53.060674424728575,59.76947364689678,-271.5043029785156,55.21831735889244,57.66465962152864,High
0.0550263859331607,0.187507596013612,0.0952413506725004,-201.2047119140625,53.00352708232053,59.72873369389078,-271.43182373046875,55.22036536413534,57.71995576308675,High
0.0555356219410896,0.192267764543834,0.0919117647058823,-201.26882934570312,52.920249453087024,59.59265111003079,-269.3644104003906,55.094413041697386,57.59297943802736,High
0.0582837425172328,0.2085358936963215,0.098431676389564,-201.1911773681641,52.84688462161724,59.31735891670718,-271.3314819335937,55.22548537724256,57.784467928237895,High
0.0573749579489231,0.2094853953978285,0.0996343785448063,-200.95150756835935,52.62618244611894,58.94744571382272,-273.4139099121094,55.349389694437626,57.90427623494716,High
0.0560721084475517,0.2000410184735051,0.093671507859342,-200.5333709716797,52.44359959893048,58.69340969859018,-272.51123046875,55.31764561317277,57.85922011960351,High
