filename,height,width,mean,std,min,max,pct_gt_1,pct_gt_5,pct_gt_10,timestamp,processed_at
3RIMG_23JAN2026_0015_L2B_IMC_V01R00.h5,2816,2805,0.07730240374803543,1.284948706626892,0.0,60.0,1.139389381785772,0.29896643574785287,0.12381502187651922,13707375.0,2026-02-14T17:46:58.583882
3RIMG_23JAN2026_0045_L2B_IMC_V01R00.h5,2816,2805,0.06866323947906494,1.1750768423080444,0.0,60.0,1.0704175781883,0.2692533625020256,0.10918003565062388,13707405.0,2026-02-14T17:46:58.682389
3RIMG_23JAN2026_0115_L2B_IMC_V01R00.h5,2816,2805,0.06016862392425537,1.020294427871704,0.0,60.0,1.0479713579646734,0.22858936963215037,0.09098758304974883,13707435.0,2026-02-14T17:46:58.786954
3RIMG_23JAN2026_0145_L2B_IMC_V01R00.h5,2816,2805,0.06441058963537216,1.0858533382415771,0.0,60.0,1.0372229987036137,0.2552893574785286,0.10862299465240642,13707465.0,2026-02-14T17:46:58.889008
3RIMG_23JAN2026_0215_L2B_IMC_V01R00.h5,2816,2805,0.057629577815532684,0.9479082226753235,0.0,60.0,1.0030535974720467,0.23790714632960622,0.0927979662939556,13707495.0,2026-02-14T17:46:58.994563
3RIMG_23JAN2026_0245_L2B_IMC_V01R00.h5,2816,2805,0.05671462416648865,0.8663185238838196,0.0,60.0,1.0046994004213254,0.2587708637173878,0.10209042294603793,13707525.0,2026-02-14T17:46:59.097078
3RIMG_23JAN2026_0315_L2B_IMC_V01R00.h5,2816,2805,0.050084102898836136,0.7934679388999939,0.0,60.0,0.9007985942310809,0.22351270053475933,0.0879744976502998,13707555.0,2026-02-14T17:46:59.209100
3RIMG_23JAN2026_0515_L2B_IMC_V01R00.h5,2816,2805,0.04250935837626457,0.6724402904510498,0.0,60.0,0.8439930724355859,0.18283604764219738,0.0652497569275644,13707675.0,2026-02-14T17:46:59.309629
3RIMG_23JAN2026_0545_L2B_IMC_V01R00.h5,2816,2805,0.04083401337265968,0.6776919364929199,0.0,60.0,0.7876306514341274,0.16839096175660348,0.060312348079727754,13707705.0,2026-02-14T17:46:59.410128
3RIMG_23JAN2026_0645_L2B_IMC_V01R00.h5,2816,2805,0.04014366492629051,0.6331835389137268,0.0,60.0,0.8303455679792577,0.16671983876195107,0.05462799789337223,13707765.0,2026-02-14T17:46:59.502593
3RIMG_23JAN2026_0715_L2B_IMC_V01R00.h5,2816,2805,0.04692686349153519,0.7637804746627808,0.0,60.0,0.9251438178577216,0.19858511586452765,0.06785772160103712,13707795.0,2026-02-14T17:46:59.600090
3RIMG_23JAN2026_0745_L2B_IMC_V01R00.h5,2816,2805,0.04613450914621353,0.7730306386947632,0.0,60.0,0.8880499513855129,0.19134358288770054,0.0690224436882191,13707825.0,2026-02-14T17:46:59.702603
3RIMG_23JAN2026_0815_L2B_IMC_V01R00.h5,2816,2805,0.04377695173025131,0.7115783095359802,0.0,60.0,0.898519790147464,0.17370817128504296,0.0637052341597796,13707855.0,2026-02-14T17:46:59.803748
3RIMG_23JAN2026_0845_L2B_IMC_V01R00.h5,2816,2805,0.04460475221276283,0.6942598819732666,0.0,60.0,0.9158007211148922,0.1811269445794847,0.06246455193647706,13707885.0,2026-02-14T17:46:59.905421
3RIMG_23JAN2026_0915_L2B_IMC_V01R00.h5,2816,2805,0.04468793421983719,0.7080617547035217,0.0,60.0,0.9190163668773295,0.17451841273699562,0.05913496596985902,13707915.0,2026-02-14T17:47:00.006569
3RIMG_23JAN2026_0945_L2B_IMC_V01R00.h5,2816,2805,0.04361962154507637,0.7098593711853027,0.0,60.0,0.9275365621455194,0.16661855858045696,0.04677878382758062,13707945.0,2026-02-14T17:47:00.115154
3RIMG_23JAN2026_1015_L2B_IMC_V01R00.h5,2816,2805,0.04524834826588631,0.7536023855209351,0.0,60.0,0.9410574663749798,0.17840503970183114,0.047158584508183436,13707975.0,2026-02-14T17:47:00.216668
3RIMG_23JAN2026_1045_L2B_IMC_V01R00.h5,2816,2805,0.04884623363614082,0.787848711013794,0.0,60.0,0.9909885958515637,0.20783959244854966,0.054982478528601525,13708005.0,2026-02-14T17:47:00.322817
3RIMG_23JAN2026_1115_L2B_IMC_V01R00.h5,2816,2805,0.05147242546081543,0.874098002910614,0.0,60.0,0.9600981404958677,0.21551156619672662,0.06400907470426187,13708035.0,2026-02-14T17:47:00.433332
3RIMG_23JAN2026_1145_L2B_IMC_V01R00.h5,2816,2805,0.0547112412750721,0.9112783670425415,0.0,60.0,0.9873931494085237,0.2377172459893048,0.07031376600226867,13708065.0,2026-02-14T17:47:00.542353
3RIMG_23JAN2026_1215_L2B_IMC_V01R00.h5,2816,2805,0.06077180802822113,1.0090506076812744,0.0,60.0,1.007788445956895,0.2800397018311457,0.0879744976502998,13708095.0,2026-02-14T17:47:00.643864
3RIMG_23JAN2026_1245_L2B_IMC_V01R00.h5,2816,2805,0.06324829161167145,1.0680521726608276,0.0,60.0,0.9836204626478692,0.28568607194944096,0.10345770539620808,13708125.0,2026-02-14T17:47:00.742449
3RIMG_23JAN2026_1315_L2B_IMC_V01R00.h5,2816,2805,0.06466730684041977,1.0326766967773438,0.0,60.0,1.0414514462809916,0.3022707016690974,0.10678729136282612,13708155.0,2026-02-14T17:47:00.848963
3RIMG_23JAN2026_1345_L2B_IMC_V01R00.h5,2816,2805,0.07065881043672562,1.0830892324447632,0.0,60.0,1.1160949400421327,0.3369211837627613,0.12777760897747528,13708185.0,2026-02-14T17:47:00.950245
3RIMG_23JAN2026_1415_L2B_IMC_V01R00.h5,2816,2805,0.0714821144938469,1.0912030935287476,0.0,60.0,1.1256532571706368,0.3345790795657106,0.13334801895964998,13708215.0,2026-02-14T17:47:01.055835
3RIMG_23JAN2026_1445_L2B_IMC_V01R00.h5,2816,2805,0.07311789691448212,1.1639924049377441,0.0,60.0,1.105270620644952,0.32622346459244855,0.13515840220385675,13708245.0,2026-02-14T17:47:01.163052
3RIMG_23JAN2026_1515_L2B_IMC_V01R00.h5,2816,2805,0.07646767050027847,1.2461662292480469,0.0,60.0,1.1084356263166422,0.32388136039539783,0.1474006441419543,13708275.0,2026-02-14T17:47:01.265636
3RIMG_23JAN2026_1545_L2B_IMC_V01R00.h5,2816,2805,0.08020692318677902,1.3081660270690918,0.0,60.0,1.1362876762275158,0.3337055380003241,0.15575625911521634,13708305.0,2026-02-14T17:47:01.372161
3RIMG_23JAN2026_1615_L2B_IMC_V01R00.h5,2816,2805,0.08555883914232254,1.3634551763534546,0.0,60.0,1.167064191379031,0.35955730432668936,0.17541727434775561,13708335.0,2026-02-14T17:47:01.478679
3RIMG_23JAN2026_1645_L2B_IMC_V01R00.h5,2816,2805,0.07220054417848587,1.1624335050582886,0.0,60.0,1.0966364851725814,0.2942569073083779,0.1412858531842489,13708365.0,2026-02-14T17:47:01.585210
3RIMG_23JAN2026_1715_L2B_IMC_V01R00.h5,2816,2805,0.06626740097999573,1.0678573846817017,0.0,60.0,1.0459204342894184,0.26755691946199966,0.1341456003889159,13708395.0,2026-02-14T17:47:01.693550
3RIMG_23JAN2026_1745_L2B_IMC_V01R00.h5,2816,2805,0.058044012635946274,0.907261073589325,0.0,60.0,1.0037119186517582,0.24336361610760004,0.10942057608167234,13708425.0,2026-02-14T17:47:01.795576
3RIMG_23JAN2026_1815_L2B_IMC_V01R00.h5,2816,2805,0.04632041975855827,0.7693010568618774,0.0,60.0,0.8330168327661643,0.17867090017825313,0.07879598120239832,13708455.0,2026-02-14T17:47:01.895111
3RIMG_23JAN2026_1845_L2B_IMC_V01R00.h5,2816,2805,0.047927096486091614,0.7223449945449829,0.0,60.0,0.8662240722735375,0.20366178496191864,0.08849355858045697,13708485.0,2026-02-14T17:47:01.996622
3RIMG_23JAN2026_1915_L2B_IMC_V01R00.h5,2816,2805,0.05091679468750954,0.7962467074394226,0.0,60.0,0.8891640333819478,0.21356192270296548,0.09741887457462324,13708515.0,2026-02-14T17:47:02.103213
3RIMG_23JAN2026_1945_L2B_IMC_V01R00.h5,2816,2805,0.048230282962322235,0.7453450560569763,0.0,60.0,0.8787448347107438,0.20230716253443526,0.081403945875871,13708545.0,2026-02-14T17:47:02.212724
3RIMG_23JAN2026_2015_L2B_IMC_V01R00.h5,2816,2805,0.04484943300485611,0.714968204498291,0.0,60.0,0.822509013936153,0.184760371090585,0.07418773294441744,13708575.0,2026-02-14T17:47:02.316239
3RIMG_23JAN2026_2045_L2B_IMC_V01R00.h5,2816,2805,0.04412548989057541,0.6651046872138977,0.0,60.0,0.8450438543185869,0.18773547642197375,0.0735547318100794,13708605.0,2026-02-14T17:47:02.422755
3RIMG_23JAN2026_2115_L2B_IMC_V01R00.h5,2816,2805,0.042621418833732605,0.6611467003822327,0.0,60.0,0.835257656781721,0.17123946686112462,0.06799698185059147,13708635.0,2026-02-14T17:47:02.526348
3RIMG_23JAN2026_2145_L2B_IMC_V01R00.h5,2816,2805,0.04299408942461014,0.6579317450523376,0.0,60.0,0.823623095932588,0.1772656376600227,0.07141518797601686,13708665.0,2026-02-14T17:47:02.631886
3RIMG_23JAN2026_2215_L2B_IMC_V01R00.h5,2816,2805,0.041210200637578964,0.6038552522659302,0.0,60.0,0.8229394547075028,0.17155596742829363,0.06497123642845569,13708695.0,2026-02-14T17:47:02.755924
3RIMG_23JAN2026_2245_L2B_IMC_V01R00.h5,2816,2805,0.039376236498355865,0.625430166721344,0.0,60.0,0.7742490074542214,0.154186416302058,0.05819812429103873,13708725.0,2026-02-14T17:47:02.861974
3RIMG_23JAN2026_2315_L2B_IMC_V01R00.h5,2816,2805,0.040409136563539505,0.6318010091781616,0.0,60.0,0.7948088842975206,0.16106080862096905,0.06181889077945228,13708755.0,2026-02-14T17:47:02.963059
3RIMG_23JAN2026_2345_L2B_IMC_V01R00.h5,2816,2805,0.03952012211084366,0.6323501467704773,0.0,60.0,0.786276029006644,0.15419907632474478,0.05566611975368659,13708785.0,2026-02-14T17:47:03.067297
3RIMG_24JAN2026_0015_L2B_IMC_V01R00.h5,2816,2805,0.03683561459183693,0.5782840251922607,0.0,60.0,0.7654123116188625,0.1371333657429914,0.05150097228974234,13708815.0,2026-02-14T17:47:03.165811
3RIMG_24JAN2026_0045_L2B_IMC_V01R00.h5,2816,2805,0.03611014410853386,0.5569701790809631,0.0,59.92591857910156,0.7650451709609464,0.1335252592772646,0.0501336898395722,13708845.0,2026-02-14T17:47:03.263341
3RIMG_24JAN2026_0115_L2B_IMC_V01R00.h5,2816,2805,0.036507852375507355,0.5739825367927551,0.0,60.0,0.7827692027224112,0.13453806109220548,0.04941206854642684,13708875.0,2026-02-14T17:47:03.367852
3RIMG_24JAN2026_0145_L2B_IMC_V01R00.h5,2816,2805,0.038764845579862595,0.6399720311164856,0.0,60.0,0.7864406093015719,0.14396977799384217,0.059919887376438184,13708905.0,2026-02-14T17:47:03.471391
3RIMG_24JAN2026_0215_L2B_IMC_V01R00.h5,2816,2805,0.039703190326690674,0.6918911337852478,0.0,60.0,0.7739198468643657,0.140804772322152,0.06717408037595203,13708935.0,2026-02-14T17:47:03.575880
3RIMG_24JAN2026_0245_L2B_IMC_V01R00.h5,2816,2805,0.03738094121217728,0.6360465884208679,0.0,60.0,0.7391427645438341,0.13986793064333172,0.06518645681413061,13708965.0,2026-02-14T17:47:03.680448
3RIMG_24JAN2026_0315_L2B_IMC_V01R00.h5,2816,2805,0.03296276181936264,0.5648070573806763,0.0,60.0,0.6935033827580619,0.11648486874088478,0.05343795576081672,13708995.0,2026-02-14T17:47:03.786478
3RIMG_24JAN2026_0345_L2B_IMC_V01R00.h5,2816,2805,0.03561633080244064,0.6159586906433105,0.0,60.0,0.7444599740722735,0.13342397909577056,0.05751448306595366,13709025.0,2026-02-14T17:47:03.887526
3RIMG_24JAN2026_0415_L2B_IMC_V01R00.h5,2816,2805,0.03427250310778618,0.5880031585693359,0.0,60.0,0.7339141751742019,0.12403024226219414,0.054957158483228005,13709055.0,2026-02-14T17:47:03.993039
3RIMG_24JAN2026_0445_L2B_IMC_V01R00.h5,2816,2805,0.03125690296292305,0.5387625098228455,0.0,60.0,0.7108729338842975,0.10260948387619512,0.04048675255226057,13709085.0,2026-02-14T17:47:04.096549
3RIMG_24JAN2026_0515_L2B_IMC_V01R00.h5,2816,2805,0.03273467347025871,0.5886490345001221,0.0,60.0,0.744118153459731,0.10458444741532978,0.040651332847188464,13709115.0,2026-02-14T17:47:04.193129
3RIMG_24JAN2026_0545_L2B_IMC_V01R00.h5,2816,2805,0.032745905220508575,0.559174120426178,0.0,60.0,0.776489831469778,0.10616695025117484,0.03947395073731973,13709145.0,2026-02-14T17:47:04.284659
3RIMG_24JAN2026_0615_L2B_IMC_V01R00.h5,2816,2805,0.03229186683893204,0.6047425270080566,0.0,60.0,0.7599431818181819,0.09515273051369308,0.036435545292497165,13709175.0,2026-02-14T17:47:04.386200
3RIMG_24JAN2026_0645_L2B_IMC_V01R00.h5,2816,2805,0.03190915286540985,0.5773015022277832,0.0,60.0,0.7707295211473019,0.08799981769567332,0.0324982782369146,13709205.0,2026-02-14T17:47:04.485748
3RIMG_24JAN2026_0715_L2B_IMC_V01R00.h5,2816,2805,0.03272620588541031,0.5963258147239685,0.0,60.0,0.7918717590341922,0.08897463944255389,0.030890455355695998,13709235.0,2026-02-14T17:47:04.587816
3RIMG_24JAN2026_0745_L2B_IMC_V01R00.h5,2816,2805,0.03059297986328602,0.4567309021949768,0.0,60.0,0.8149003403014098,0.07977080294927888,0.022686760654675092,13709265.0,2026-02-14T17:47:04.687857
3RIMG_24JAN2026_0815_L2B_IMC_V01R00.h5,2816,2805,0.028793925419449806,0.3942306339740753,0.0,60.0,0.7823767420191218,0.07494733430562307,0.019369834710743803,13709295.0,2026-02-14T17:47:04.786971
3RIMG_24JAN2026_0845_L2B_IMC_V01R00.h5,2816,2805,0.030194764956831932,0.3877919018268585,0.0,48.585784912109375,0.8254587992221682,0.07480807405606871,0.022661440609301572,13709325.0,2026-02-14T17:47:04.889497
3RIMG_24JAN2026_0915_L2B_IMC_V01R00.h5,2816,2805,0.029884252697229385,0.38009828329086304,0.0,60.0,0.8082158483228001,0.07140252795333009,0.02220567979257819,13709355.0,2026-02-14T17:47:04.984016
3RIMG_24JAN2026_0945_L2B_IMC_V01R00.h5,2816,2805,0.030507761985063553,0.3740687668323517,0.0,60.0,0.8324597917679468,0.07204818911035488,0.021104257818830012,13709385.0,2026-02-14T17:47:05.086530
3RIMG_24JAN2026_1015_L2B_IMC_V01R00.h5,2816,2805,0.03137588128447533,0.39679279923439026,0.0,60.0,0.8341942148760331,0.0810241451952682,0.021547358612866635,13709415.0,2026-02-14T17:47:05.189042
3RIMG_24JAN2026_1045_L2B_IMC_V01R00.h5,2816,2805,0.030400635674595833,0.37797805666923523,0.0,60.0,0.8004046143250688,0.08174576648841354,0.016331429265921245,13709445.0,2026-02-14T17:47:05.290554
3RIMG_24JAN2026_1115_L2B_IMC_V01R00.h5,2816,2805,0.03397378697991371,0.4241410493850708,0.0,60.0,0.8686547966293956,0.11112967914438503,0.023459022038567492,13709475.0,2026-02-14T17:47:05.387083
3RIMG_24JAN2026_1145_L2B_IMC_V01R00.h5,2816,2805,0.03425924479961395,0.4352249801158905,0.0,60.0,0.8537792699724519,0.12385300194457949,0.023028581267217633,13709505.0,2026-02-14T17:47:05.482501
3RIMG_24JAN2026_1215_L2B_IMC_V01R00.h5,2816,2805,0.03535151481628418,0.48146146535873413,0.0,60.0,0.837106020093988,0.1461093218279047,0.028459730999837948,13709535.0,2026-02-14T17:47:05.576017
3RIMG_24JAN2026_1245_L2B_IMC_V01R00.h5,2816,2805,0.03780616447329521,0.5146872401237488,0.0,60.0,0.8733390050234969,0.16275725166099497,0.03408078107275968,13709565.0,2026-02-14T17:47:05.670531
3RIMG_24JAN2026_1315_L2B_IMC_V01R00.h5,2816,2805,0.0400162935256958,0.576200544834137,0.0,60.0,0.8518296264786905,0.18897615864527628,0.04565204180845892,13709595.0,2026-02-14T17:47:05.768093
3RIMG_24JAN2026_1345_L2B_IMC_V01R00.h5,2816,2805,0.04289039224386215,0.6200820803642273,0.0,60.0,0.8912529371252633,0.20662423027062063,0.05239983390050235,13709625.0,2026-02-14T17:47:05.860662
3RIMG_24JAN2026_1415_L2B_IMC_V01R00.h5,2816,2805,0.046128928661346436,0.7263808846473694,0.0,60.0,0.8838594838761951,0.21794229055258468,0.05985658726300438,13709655.0,2026-02-14T17:47:05.956152
3RIMG_24JAN2026_1445_L2B_IMC_V01R00.h5,2816,2805,0.04926031082868576,0.8798074722290039,0.0,60.0,0.8513485456165938,0.21730928941824665,0.06714876033057851,13709685.0,2026-02-14T17:47:06.060666
3RIMG_24JAN2026_1515_L2B_IMC_V01R00.h5,2816,2805,0.04889688640832901,0.8970571756362915,0.0,60.0,0.8436006117322962,0.20613048938583697,0.0635153338194782,13709715.0,2026-02-14T17:47:06.164186
3RIMG_24JAN2026_1545_L2B_IMC_V01R00.h5,2816,2805,0.05407961085438728,1.0248359441757202,0.0,60.0,0.8564125546912981,0.22244925862907144,0.07537777507697294,13709745.0,2026-02-14T17:47:06.260702
3RIMG_24JAN2026_1615_L2B_IMC_V01R00.h5,2816,2805,0.05843941494822502,1.1007517576217651,0.0,60.0,0.8901768351968887,0.2407176713660671,0.08336624939231892,13709775.0,2026-02-14T17:47:06.362212
3RIMG_24JAN2026_1645_L2B_IMC_V01R00.h5,2816,2805,0.049782585352659225,0.9585043787956238,0.0,60.0,0.840435606060606,0.19426804812834225,0.061008649327499595,13709805.0,2026-02-14T17:47:06.461722
3RIMG_24JAN2026_1715_L2B_IMC_V01R00.h5,2816,2805,0.04330115020275116,0.9070081114768982,0.0,60.0,0.7486504415815913,0.13900704910063197,0.05148831226705558,13709835.0,2026-02-14T17:47:06.560241
3RIMG_24JAN2026_1745_L2B_IMC_V01R00.h5,2816,2805,0.04006076976656914,0.7224019765853882,0.0,60.0,0.7828704829039054,0.15123663101604276,0.04277821665856425,13709865.0,2026-02-14T17:47:06.663753
3RIMG_24JAN2026_1815_L2B_IMC_V01R00.h5,2816,2805,0.029092496261000633,0.45748862624168396,0.0,60.0,0.6854516083292821,0.08654391508669583,0.02933327256522444,13709895.0,2026-02-14T17:47:06.763259
3RIMG_24JAN2026_1845_L2B_IMC_V01R00.h5,2816,2805,0.02984866313636303,0.40411320328712463,0.0,59.34484100341797,0.7436244125749473,0.09772271511910549,0.02321848160751904,13709925.0,2026-02-14T17:47:06.865773
3RIMG_24JAN2026_1915_L2B_IMC_V01R00.h5,2816,2805,0.030029172077775,0.41972726583480835,0.0,60.0,0.7306985294117647,0.0982037959812024,0.027788749797439637,13709955.0,2026-02-14T17:47:06.964316
3RIMG_24JAN2026_1945_L2B_IMC_V01R00.h5,2816,2805,0.03190312534570694,0.4407006502151489,0.0,60.0,0.7744135877491493,0.10710379192999514,0.027510229298330906,13709985.0,2026-02-14T17:47:07.065825
3RIMG_24JAN2026_2015_L2B_IMC_V01R00.h5,2816,2805,0.027708429843187332,0.36042284965515137,0.0,48.83491516113281,0.7013272767784801,0.0782895802949279,0.02012943607194944,13710015.0,2026-02-14T17:47:07.186346
3RIMG_24JAN2026_2045_L2B_IMC_V01R00.h5,2816,2805,0.02924610674381256,0.3749987781047821,0.0,48.76920700073242,0.7424723505104521,0.085847613838924,0.02362360233349538,13710045.0,2026-02-14T17:47:07.292818
3RIMG_24JAN2026_2115_L2B_IMC_V01R00.h5,2816,2805,0.030428994446992874,0.39153826236724854,0.0,48.24471664428711,0.7789585358936963,0.0888733592610598,0.02404138308215848,13710075.0,2026-02-14T17:47:07.404402
3RIMG_24JAN2026_2145_L2B_IMC_V01R00.h5,2816,2805,0.031970735639333725,0.39235594868659973,0.0,39.79970932006836,0.8063421649651595,0.09373480797277589,0.02514280505590666,13710105.0,2026-02-14T17:47:07.510915
3RIMG_24JAN2026_2215_L2B_IMC_V01R00.h5,2816,2805,0.030722057446837425,0.36430108547210693,0.0,33.82858657836914,0.7752871293145358,0.09293722654350997,0.023104541403338195,13710135.0,2026-02-14T17:47:07.616430
3RIMG_24JAN2026_2245_L2B_IMC_V01R00.h5,2816,2805,0.03059866838157177,0.3579658567905426,0.0,36.75342559814453,0.7800599578674445,0.09522869064981364,0.019369834710743803,13710165.0,2026-02-14T17:47:07.723990
3RIMG_24JAN2026_2315_L2B_IMC_V01R00.h5,2816,2805,0.030246445909142494,0.3628484606742859,0.0,39.46371078491211,0.7362815994166262,0.10591374979743964,0.02240824015556636,13710195.0,2026-02-14T17:47:07.834487
3RIMG_24JAN2026_2345_L2B_IMC_V01R00.h5,2816,2805,0.03019820526242256,0.3520714044570923,0.0,46.028167724609375,0.7327874331550802,0.10054590017825311,0.019395154756117323,13710225.0,2026-02-14T17:47:07.944157
3RIMG_25JAN2026_0015_L2B_IMC_V01R00.h5,2816,2805,0.02694573998451233,0.32315561175346375,0.0,42.86091995239258,0.664828431372549,0.07951760249554367,0.015571827904715604,13710255.0,2026-02-14T17:47:08.050701
3RIMG_25JAN2026_0045_L2B_IMC_V01R00.h5,2816,2805,0.02593904733657837,0.2906813621520996,0.0,38.50200653076172,0.6589921609139524,0.0706935666828715,0.009634277264624859,13710285.0,2026-02-14T17:47:08.162202
3RIMG_25JAN2026_0115_L2B_IMC_V01R00.h5,2816,2805,0.02348383702337742,0.27329304814338684,0.0,37.514835357666016,0.6209614527629234,0.06403439474963539,0.007760593906984282,13710315.0,2026-02-14T17:47:08.271734
3RIMG_25JAN2026_0145_L2B_IMC_V01R00.h5,2816,2805,0.024631967768073082,0.2931947708129883,0.0,37.07559585571289,0.6592453613676875,0.0722380894506563,0.010229298330902609,13710345.0,2026-02-14T17:47:08.383260
3RIMG_25JAN2026_0215_L2B_IMC_V01R00.h5,2816,2805,0.022893499583005905,0.28093424439430237,0.0,30.77831268310547,0.6216830740560687,0.0679590017825312,0.009570977151191056,13710375.0,2026-02-14T17:47:08.488803
3RIMG_25JAN2026_0245_L2B_IMC_V01R00.h5,2816,2805,0.02165648713707924,0.26929551362991333,0.0,21.448951721191406,0.5913876397666505,0.06588275806190245,0.008811375789985415,13710405.0,2026-02-14T17:47:08.595369
3RIMG_25JAN2026_0315_L2B_IMC_V01R00.h5,2816,2805,0.021353162825107574,0.27213698625564575,0.0,20.549741744995117,0.5721697253281478,0.06475601604278075,0.010077378058661482,13710435.0,2026-02-14T17:47:08.702905
3RIMG_25JAN2026_0345_L2B_IMC_V01R00.h5,2816,2805,0.021377241238951683,0.27668496966362,0.0,22.025102615356445,0.5635862299465241,0.06942756441419544,0.01121678010046994,13710465.0,2026-02-14T17:47:08.804358
3RIMG_25JAN2026_0415_L2B_IMC_V01R00.h5,2816,2805,0.020714230835437775,0.2834315598011017,0.0,56.43663787841797,0.539468886728245,0.06735132069356668,0.010014077945227679,13710495.0,2026-02-14T17:47:08.904921
3RIMG_25JAN2026_0445_L2B_IMC_V01R00.h5,2816,2805,0.020918400958180428,0.29739701747894287,0.0,50.157752990722656,0.538304164641063,0.07084548695511263,0.013128443526170798,13710525.0,2026-02-14T17:47:09.021473
3RIMG_25JAN2026_0515_L2B_IMC_V01R00.h5,2816,2805,0.02167440392076969,0.3211274743080139,0.0,47.15336990356445,0.5618138267703776,0.07122528763571544,0.016027588721438987,13710555.0,2026-02-14T17:47:09.123982
3RIMG_25JAN2026_0545_L2B_IMC_V01R00.h5,2816,2805,0.02154495008289814,0.3045693337917328,0.0,42.246788024902344,0.5745498095932589,0.06676895964997569,0.015128727110678983,13710585.0,2026-02-14T17:47:09.227706
3RIMG_25JAN2026_0615_L2B_IMC_V01R00.h5,2816,2805,0.02143648825585842,0.3118174374103546,0.0,45.02176284790039,0.5671690163668773,0.0668955598768433,0.015635128018149407,13710615.0,2026-02-14T17:47:09.330326
3RIMG_25JAN2026_0645_L2B_IMC_V01R00.h5,2816,2805,0.023511923849582672,0.3328574001789093,0.0,48.84062576293945,0.6289752471236428,0.07352941176470588,0.01987623561821423,13710645.0,2026-02-14T17:47:09.437843
3RIMG_25JAN2026_0715_L2B_IMC_V01R00.h5,2816,2805,0.024204347282648087,0.3255114257335663,0.0,50.22806167602539,0.6574476381461676,0.0726558701993194,0.020838397342408038,13710675.0,2026-02-14T17:47:09.542902
3RIMG_25JAN2026_0745_L2B_IMC_V01R00.h5,2816,2805,0.025829128921031952,0.3316952586174011,0.0,37.33589172363281,0.720899671852212,0.0725292699724518,0.020623176956733106,13710705.0,2026-02-14T17:47:09.649423
3RIMG_25JAN2026_0815_L2B_IMC_V01R00.h5,2816,2805,0.02555689588189125,0.31417256593704224,0.0,28.013517379760742,0.7338761951061417,0.06832614244044725,0.018432993031923514,13710735.0,2026-02-14T17:47:09.762179
3RIMG_25JAN2026_0845_L2B_IMC_V01R00.h5,2816,2805,0.025602193549275398,0.3185194134712219,0.0,30.17229652404785,0.7250268392480959,0.06899712364284556,0.01857225328147788,13710765.0,2026-02-14T17:47:09.871589
3RIMG_25JAN2026_0915_L2B_IMC_V01R00.h5,2816,2805,0.025378860533237457,0.30486536026000977,0.0,30.137802124023438,0.7456373561821422,0.06137578998541565,0.016027588721438987,13710795.0,2026-02-14T17:47:09.973130
3RIMG_25JAN2026_0945_L2B_IMC_V01R00.h5,2816,2805,0.02704676240682602,0.33409586548805237,0.0,32.17082214355469,0.7750972289742343,0.07023780586614811,0.018698853508345485,13710825.0,2026-02-14T17:47:10.081789
3RIMG_25JAN2026_1015_L2B_IMC_V01R00.h5,2816,2805,0.02685103379189968,0.35325145721435547,0.0,41.221458435058594,0.7470552787230595,0.07019982579808783,0.02114223788689029,13710855.0,2026-02-14T17:47:10.185476
3RIMG_25JAN2026_1045_L2B_IMC_V01R00.h5,2816,2805,0.025781914591789246,0.3263496458530426,0.0,50.4583854675293,0.7159875830497489,0.0660599983795171,0.018129152487441257,13710885.0,2026-02-14T17:47:10.287993
3RIMG_25JAN2026_1115_L2B_IMC_V01R00.h5,2816,2805,0.02680835872888565,0.3336504101753235,0.0,42.741966247558594,0.7287235658726301,0.07495999432830983,0.02088903743315508,13710915.0,2026-02-14T17:47:10.389557
3RIMG_25JAN2026_1145_L2B_IMC_V01R00.h5,2816,2805,0.02773478254675865,0.3759205639362335,0.0,42.99101257324219,0.7024666788202885,0.08603751417922541,0.02805461027386161,13710945.0,2026-02-14T17:47:10.491098
3RIMG_25JAN2026_1215_L2B_IMC_V01R00.h5,2816,2805,0.029054904356598854,0.39441564679145813,0.0,44.01505661010742,0.7202666707178739,0.09608957219251338,0.03387822070977151,13710975.0,2026-02-14T17:47:10.594826
3RIMG_25JAN2026_1245_L2B_IMC_V01R00.h5,2816,2805,0.03166281059384346,0.4453637897968292,0.0,51.41522979736328,0.7459032166585643,0.11558600713012478,0.04082857316480311,13711005.0,2026-02-14T17:47:10.698553
3RIMG_25JAN2026_1315_L2B_IMC_V01R00.h5,2816,2805,0.03264656290411949,0.4841362237930298,0.0,57.40380859375,0.7335090544482256,0.12233379922216821,0.04675346378220709,13711035.0,2026-02-14T17:47:10.803128
3RIMG_25JAN2026_1345_L2B_IMC_V01R00.h5,2816,2805,0.03924683853983879,0.6218162775039673,0.0,60.0,0.7936821422783991,0.15955426592124455,0.06543965726786583,13711065.0,2026-02-14T17:47:10.914651
3RIMG_25JAN2026_1415_L2B_IMC_V01R00.h5,2816,2805,0.04121238365769386,0.6857916712760925,0.0,60.0,0.8079499878463783,0.15738940204180846,0.07019982579808783,13711095.0,2026-02-14T17:47:11.023246
3RIMG_25JAN2026_1445_L2B_IMC_V01R00.h5,2816,2805,0.04225077107548714,0.7416832447052002,0.0,60.0,0.8083930886404147,0.15352809512234644,0.06538901717711879,13711125.0,2026-02-14T17:47:11.131773
3RIMG_25JAN2026_1515_L2B_IMC_V01R00.h5,2816,2805,0.04373238608241081,0.8072866201400757,0.0,60.0,0.7956697658402204,0.16025056716901637,0.07149114811213741,13711155.0,2026-02-14T17:47:11.254898
3RIMG_25JAN2026_1545_L2B_IMC_V01R00.h5,2816,2805,0.05038922280073166,0.9506019949913025,0.0,60.0,0.8404102860152326,0.18126620482903907,0.08670849538162372,13711185.0,2026-02-14T17:47:11.369831
3RIMG_25JAN2026_1615_L2B_IMC_V01R00.h5,2816,2805,0.05424398556351662,1.0396075248718262,0.0,60.0,0.8390683236104359,0.19245766488413546,0.09605159212445309,13711215.0,2026-02-14T17:47:11.477577
3RIMG_25JAN2026_1645_L2B_IMC_V01R00.h5,2816,2805,0.05301641672849655,1.0888619422912598,0.0,60.0,0.785693667963053,0.1695683438664722,0.08769597715119105,13711245.0,2026-02-14T17:47:11.597186
3RIMG_25JAN2026_1715_L2B_IMC_V01R00.h5,2816,2805,0.045827966183423996,0.945517897605896,0.0,60.0,0.7651970912331875,0.14921102738616107,0.06825018230432668,13711275.0,2026-02-14T17:47:11.711464
3RIMG_25JAN2026_1745_L2B_IMC_V01R00.h5,2816,2805,0.042162686586380005,0.7661977410316467,0.0,60.0,0.7839845649003403,0.1399692108248258,0.0614264300761627,13711305.0,2026-02-14T17:47:11.821220
3RIMG_25JAN2026_1815_L2B_IMC_V01R00.h5,2816,2805,0.036071207374334335,0.6434740424156189,0.0,60.0,0.7118477556311781,0.12429610273861612,0.05234919380975531,13711335.0,2026-02-14T17:47:11.938985
3RIMG_25JAN2026_1945_L2B_IMC_V01R00.h5,2816,2805,0.03737931698560715,0.589465320110321,0.0,60.0,0.7642475895316805,0.12986651272079078,0.05175417274347756,13711425.0,2026-02-14T17:47:12.049509
3RIMG_25JAN2026_2015_L2B_IMC_V01R00.h5,2816,2805,0.03865211457014084,0.6389605402946472,0.0,60.0,0.7695014989466861,0.13323407875546914,0.053184755307081506,13711455.0,2026-02-14T17:47:12.166979
3RIMG_25JAN2026_2045_L2B_IMC_V01R00.h5,2816,2805,0.038590166717767715,0.6582949757575989,0.0,60.0,0.7740084670231729,0.12833464997569274,0.04891832766164317,13711485.0,2026-02-14T17:47:12.282530
3RIMG_25JAN2026_2115_L2B_IMC_V01R00.h5,2816,2805,0.04063820093870163,0.6565033793449402,0.0,60.0,0.7964420272241127,0.13985527062064496,0.053399975692756445,13711515.0,2026-02-14T17:47:12.403216
3RIMG_25JAN2026_2145_L2B_IMC_V01R00.h5,2816,2805,0.0413946807384491,0.6574323177337646,0.0,60.0,0.8139255185545292,0.138424688057041,0.05905900583373845,13711545.0,2026-02-14T17:47:12.521522
3RIMG_25JAN2026_2215_L2B_IMC_V01R00.h5,2816,2805,0.03971138969063759,0.6446011066436768,0.0,60.0,0.7983283706044401,0.12389098201263976,0.05724862258953167,13711575.0,2026-02-14T17:47:12.631487
3RIMG_25JAN2026_2245_L2B_IMC_V01R00.h5,2816,2805,0.04207282513380051,0.6803579330444336,0.0,60.0,0.8161157024793388,0.14234929508993682,0.06655373926430076,13711605.0,2026-02-14T17:47:12.749695
3RIMG_25JAN2026_2315_L2B_IMC_V01R00.h5,2816,2805,0.04193944111466408,0.6919770836830139,0.0,60.0,0.8284465645762438,0.13866522848808943,0.05979328714957057,13711635.0,2026-02-14T17:47:12.861536
3RIMG_25JAN2026_2345_L2B_IMC_V01R00.h5,2816,2805,0.04130617901682854,0.6943786144256592,0.0,60.0,0.8325357519040674,0.13886778885107762,0.057147342408037594,13711665.0,2026-02-14T17:47:12.970177
3RIMG_26JAN2026_0015_L2B_IMC_V01R00.h5,2816,2805,0.03915419429540634,0.6705811023712158,0.0,60.0,0.817217124453087,0.1252582644628099,0.0557294198671204,13711695.0,2026-02-14T17:47:13.082725
3RIMG_26JAN2026_0045_L2B_IMC_V01R00.h5,2816,2805,0.03567022457718849,0.5882927179336548,0.0,60.0,0.7847315062388591,0.11705456976178902,0.0475257251660995,13711725.0,2026-02-14T17:47:13.196944
3RIMG_26JAN2026_0115_L2B_IMC_V01R00.h5,2816,2805,0.03439059108495712,0.5343727469444275,0.0,60.0,0.7947582442067737,0.12161217792902285,0.04866512720790796,13711755.0,2026-02-14T17:47:13.312026
3RIMG_26JAN2026_0145_L2B_IMC_V01R00.h5,2816,2805,0.0321618914604187,0.4970216155052185,0.0,60.0,0.7689571179711554,0.11526950656295576,0.04261363636363636,13711785.0,2026-02-14T17:47:13.426547
3RIMG_26JAN2026_0215_L2B_IMC_V01R00.h5,2816,2805,0.033573269844055176,0.5709241628646851,0.0,60.0,0.727191703127532,0.12246039944903582,0.05456469777993842,13711815.0,2026-02-14T17:47:13.538347
3RIMG_26JAN2026_0245_L2B_IMC_V01R00.h5,2816,2805,0.03408762812614441,0.5788318514823914,0.0,60.0,0.7270651029006644,0.1320820166909739,0.059426146491654515,13711845.0,2026-02-14T17:47:13.646313
3RIMG_26JAN2026_0315_L2B_IMC_V01R00.h5,2816,2805,0.02968083880841732,0.4977714717388153,0.0,60.0,0.6769820531518392,0.10874959487927403,0.044740520175012156,13711875.0,2026-02-14T17:47:13.757794
3RIMG_26JAN2026_0345_L2B_IMC_V01R00.h5,2816,2805,0.030146818608045578,0.5052768588066101,0.0,55.62413787841797,0.687148051369308,0.11635826851401718,0.046107802625182305,13711905.0,2026-02-14T17:47:13.880316
3RIMG_26JAN2026_0415_L2B_IMC_V01R00.h5,2816,2805,0.02965599112212658,0.49181684851646423,0.0,58.400211334228516,0.6785898760330579,0.11209184086857883,0.04518362096904877,13711935.0,2026-02-14T17:47:13.982849
3RIMG_26JAN2026_0445_L2B_IMC_V01R00.h5,2816,2805,0.027905171737074852,0.4609811305999756,0.0,60.0,0.6561309957867445,0.10359696564576244,0.03770154756117323,13711965.0,2026-02-14T17:47:14.082696
3RIMG_26JAN2026_0515_L2B_IMC_V01R00.h5,2816,2805,0.027875196188688278,0.45547550916671753,0.0,60.0,0.6590428010046995,0.09908999756927564,0.03833454869551126,13711995.0,2026-02-14T17:47:14.186303
3RIMG_26JAN2026_0545_L2B_IMC_V01R00.h5,2816,2805,0.028394654393196106,0.48433175683021545,0.0,60.0,0.657055177442878,0.09986225895316804,0.0374863271754983,13712025.0,2026-02-14T17:47:14.293037
3RIMG_26JAN2026_0615_L2B_IMC_V01R00.h5,2816,2805,0.027346767485141754,0.4528362452983856,0.0,60.0,0.6509910265759197,0.09638075271430886,0.033359159779614324,13712055.0,2026-02-14T17:47:14.399827
3RIMG_26JAN2026_0645_L2B_IMC_V01R00.h5,2816,2805,0.02658439800143242,0.4200794994831085,0.0,60.0,0.6806154796629396,0.08499939231891104,0.030092873926430078,13712085.0,2026-02-14T17:47:14.501349
3RIMG_26JAN2026_0715_L2B_IMC_V01R00.h5,2816,2805,0.02682105265557766,0.3878774642944336,0.0,57.203128814697266,0.7182917071787392,0.08378403014098201,0.027130428617728082,13712115.0,2026-02-14T17:47:14.604925
3RIMG_26JAN2026_0745_L2B_IMC_V01R00.h5,2816,2805,0.025910088792443275,0.36735275387763977,0.0,58.31577682495117,0.6905282774266732,0.08147990601199157,0.0278014098201264,13712145.0,2026-02-14T17:47:14.710469
3RIMG_26JAN2026_0815_L2B_IMC_V01R00.h5,2816,2805,0.026484290137887,0.3794042468070984,0.0,59.40188980102539,0.7232924161400097,0.07588417598444337,0.02618092691622103,13712175.0,2026-02-14T17:47:14.817782
3RIMG_26JAN2026_0845_L2B_IMC_V01R00.h5,2816,2805,0.0268215611577034,0.36563077569007874,0.0,57.18173599243164,0.7270777629233511,0.0855564333171285,0.024028723059471725,13712205.0,2026-02-14T17:47:14.920920
3RIMG_26JAN2026_0915_L2B_IMC_V01R00.h5,2816,2805,0.025142747908830643,0.36216944456100464,0.0,60.0,0.6808686801166748,0.07071888672824501,0.022167699724517907,13712235.0,2026-02-14T17:47:15.025563
3RIMG_26JAN2026_0945_L2B_IMC_V01R00.h5,2816,2805,0.02555384859442711,0.3528731167316437,0.0,53.55155563354492,0.7016184573002755,0.07179498865661967,0.021775239021228326,13712265.0,2026-02-14T17:47:15.127404
3RIMG_26JAN2026_1015_L2B_IMC_V01R00.h5,2816,2805,0.025525780394673347,0.37622177600860596,0.0,60.0,0.6901611367687571,0.07322557122022362,0.020534556797925783,13712295.0,2026-02-14T17:47:15.234248
3RIMG_26JAN2026_1045_L2B_IMC_V01R00.h5,2816,2805,0.026571225374937057,0.4065874218940735,0.0,60.0,0.7010740763247447,0.07358005185545292,0.022268979906011992,13712325.0,2026-02-14T17:47:15.345194
3RIMG_26JAN2026_1115_L2B_IMC_V01R00.h5,2816,2805,0.027353564277291298,0.4111781418323517,0.0,60.0,0.705555724355858,0.08042912412899043,0.026991168368173717,13712355.0,2026-02-14T17:47:15.454768
3RIMG_26JAN2026_1145_L2B_IMC_V01R00.h5,2816,2805,0.028739525005221367,0.43823641538619995,0.0,60.0,0.71121475449684,0.09410194863069195,0.03281477880408362,13712385.0,2026-02-14T17:47:15.566336
3RIMG_26JAN2026_1215_L2B_IMC_V01R00.h5,2816,2805,0.032280199229717255,0.5157177448272705,0.0,60.0,0.7319265516123805,0.11507960622265435,0.04343653783827581,13712415.0,2026-02-14T17:47:15.679820
3RIMG_26JAN2026_1245_L2B_IMC_V01R00.h5,2816,2805,0.033740781247615814,0.5467831492424011,0.0,60.0,0.7490682223302544,0.12366310160427808,0.04909556797925782,13712445.0,2026-02-14T17:47:15.801334
3RIMG_26JAN2026_1315_L2B_IMC_V01R00.h5,2816,2805,0.04015237092971802,0.6971146464347839,0.0,60.0,0.7873141508669584,0.15500931777669746,0.0696301247771836,13712475.0,2026-02-14T17:47:15.921917
3RIMG_26JAN2026_1345_L2B_IMC_V01R00.h5,2816,2805,0.03900476545095444,0.6770979762077332,0.0,60.0,0.7886687732944417,0.14667902284880896,0.06445217549829849,13712505.0,2026-02-14T17:47:16.042459
3RIMG_26JAN2026_1415_L2B_IMC_V01R00.h5,2816,2805,0.03985092416405678,0.6943086385726929,0.0,60.0,0.7970497083130773,0.14680562307567657,0.06630053881056555,13712535.0,2026-02-14T17:47:16.154711
3RIMG_26JAN2026_1445_L2B_IMC_V01R00.h5,2816,2805,0.0451621487736702,0.8110414147377014,0.0,60.0,0.8089248095932589,0.17406265192027223,0.08273324825798088,13712565.0,2026-02-14T17:47:16.278266
3RIMG_26JAN2026_1515_L2B_IMC_V01R00.h5,2816,2805,0.04842626303434372,0.8901029229164124,0.0,60.0,0.8220026130286825,0.1779745989304813,0.09032926187003727,13712595.0,2026-02-14T17:47:16.397834
3RIMG_26JAN2026_1545_L2B_IMC_V01R00.h5,2816,2805,0.051884040236473083,0.9371972680091858,0.0,60.0,0.8671355939069844,0.18915339896289093,0.09752015475611732,13712625.0,2026-02-14T17:47:16.509899
3RIMG_26JAN2026_1615_L2B_IMC_V01R00.h5,2816,2805,0.053582094609737396,0.9222701191902161,0.0,60.0,0.9181301652892562,0.20877643412736996,0.1009383608815427,13712655.0,2026-02-14T17:47:16.623489
3RIMG_26JAN2026_1645_L2B_IMC_V01R00.h5,2816,2805,0.04786533862352371,0.8287587761878967,0.0,60.0,0.8727313239345326,0.18178526575919624,0.08326496921082482,13712685.0,2026-02-14T17:47:16.732038
3RIMG_26JAN2026_1715_L2B_IMC_V01R00.h5,2816,2805,0.04101193696260452,0.6952749490737915,0.0,60.0,0.7975307891751743,0.15198357235456167,0.06471803597472046,13712715.0,2026-02-14T17:47:16.834805
3RIMG_26JAN2026_1745_L2B_IMC_V01R00.h5,2816,2805,0.040186233818531036,0.6941443085670471,0.0,60.0,0.7911501377410469,0.1430582563603954,0.058147484200291685,13712745.0,2026-02-14T17:47:16.941656
3RIMG_26JAN2026_1815_L2B_IMC_V01R00.h5,2816,2805,0.033155657351017,0.6130889058113098,0.0,60.0,0.6721206044401231,0.10828117403986388,0.04071463296062227,13712775.0,2026-02-14T17:47:17.048471
3RIMG_26JAN2026_1845_L2B_IMC_V01R00.h5,2816,2805,0.033439554274082184,0.5704150199890137,0.0,60.0,0.7240393574785285,0.11301602252471238,0.03501762275157997,13712805.0,2026-02-14T17:47:17.157891
3RIMG_26JAN2026_1915_L2B_IMC_V01R00.h5,2816,2805,0.03555190563201904,0.5972433686256409,0.0,60.0,0.7762492910387295,0.12966395235780262,0.04353781801976989,13712835.0,2026-02-14T17:47:17.270389
3RIMG_26JAN2026_1945_L2B_IMC_V01R00.h5,2816,2805,0.036175549030303955,0.6059722304344177,0.0,60.0,0.790770337060444,0.12749908847836655,0.04103113352779128,13712865.0,2026-02-14T17:47:17.374994
3RIMG_26JAN2026_2015_L2B_IMC_V01R00.h5,2816,2805,0.03473127633333206,0.5374771356582642,0.0,60.0,0.7715524226219413,0.1190548533462972,0.04471520012963863,13712895.0,2026-02-14T17:47:17.481531
3RIMG_26JAN2026_2045_L2B_IMC_V01R00.h5,2816,2805,0.03931458294391632,0.617806613445282,0.0,60.0,0.8180653459731,0.14874260654675092,0.05852728488089451,13712925.0,2026-02-14T17:47:17.584421
3RIMG_26JAN2026_2115_L2B_IMC_V01R00.h5,2816,2805,0.03851141035556793,0.5689341425895691,0.0,60.0,0.8134317776697456,0.15164175174201913,0.05600794036622913,13712955.0,2026-02-14T17:47:17.686962
3RIMG_26JAN2026_2145_L2B_IMC_V01R00.h5,2816,2805,0.03972791135311127,0.5923575162887573,0.0,60.0,0.8021516974558418,0.15813634338032734,0.0667056595365419,13712985.0,2026-02-14T17:47:17.795627
3RIMG_26JAN2026_2215_L2B_IMC_V01R00.h5,2816,2805,0.04237253963947296,0.6244811415672302,0.0,60.0,0.8269526818992059,0.1660994976502998,0.07577023578026251,13713015.0,2026-02-14T17:47:17.905158
3RIMG_26JAN2026_2245_L2B_IMC_V01R00.h5,2816,2805,0.041969235986471176,0.6531946659088135,0.0,60.0,0.8037595203370604,0.16947972370766487,0.07596013612056392,13713045.0,2026-02-14T17:47:18.021762
3RIMG_26JAN2026_2315_L2B_IMC_V01R00.h5,2816,2805,0.04019918665289879,0.6510207653045654,0.0,60.0,0.7703244004213256,0.15550305866148112,0.06698418003565063,13713075.0,2026-02-14T17:47:18.129319
3RIMG_26JAN2026_2345_L2B_IMC_V01R00.h5,2816,2805,0.0407513827085495,0.6997007131576538,0.0,60.0,0.7276474639442554,0.15852880408361691,0.07199754901960785,13713105.0,2026-02-14T17:47:18.237402
3RIMG_27JAN2026_0015_L2B_IMC_V01R00.h5,2816,2805,0.03952725604176521,0.6387301087379456,0.0,60.0,0.739674485496678,0.16379537352130935,0.06849072273537514,13713135.0,2026-02-14T17:47:18.346527
3RIMG_27JAN2026_0045_L2B_IMC_V01R00.h5,2816,2805,0.037843067198991776,0.6259515881538391,0.0,60.0,0.6952251458434614,0.16561841678820288,0.07435231323934532,13713165.0,2026-02-14T17:47:18.456637
3RIMG_27JAN2026_0115_L2B_IMC_V01R00.h5,2816,2805,0.03747318685054779,0.6435113549232483,0.0,60.0,0.7013399368011667,0.16061770782693244,0.07182030870199319,13713195.0,2026-02-14T17:47:18.568255
3RIMG_27JAN2026_0145_L2B_IMC_V01R00.h5,2816,2805,0.038014575839042664,0.6802526712417603,0.0,60.0,0.7006816156214551,0.1599467266245341,0.07074420677361853,13713225.0,2026-02-14T17:47:18.676771
3RIMG_27JAN2026_0215_L2B_IMC_V01R00.h5,2816,2805,0.038752298802137375,0.7094825506210327,0.0,60.0,0.6935033827580619,0.16508669583535893,0.07680835764057689,13713255.0,2026-02-14T17:47:18.783314
3RIMG_27JAN2026_0245_L2B_IMC_V01R00.h5,2816,2805,0.03631763160228729,0.6813411712646484,0.0,60.0,0.6675123561821422,0.14903378706854642,0.06447749554367202,13713285.0,2026-02-14T17:47:18.884829
3RIMG_27JAN2026_0315_L2B_IMC_V01R00.h5,2816,2805,0.034585729241371155,0.6456224918365479,0.0,60.0,0.6516240277102576,0.14352667719980555,0.05978062712688381,13713315.0,2026-02-14T17:47:19.004344
3RIMG_27JAN2026_0345_L2B_IMC_V01R00.h5,2816,2805,0.03508845344185829,0.6409574747085571,0.0,60.0,0.6788050964187328,0.15124929103872953,0.05684350186355534,13713345.0,2026-02-14T17:47:19.122879
3RIMG_27JAN2026_0415_L2B_IMC_V01R00.h5,2816,2805,0.03239293769001961,0.5217119455337524,0.0,60.0,0.667841516771998,0.1433241168368174,0.0518681129476584,13713375.0,2026-02-14T17:47:19.247119
3RIMG_27JAN2026_0445_L2B_IMC_V01R00.h5,2816,2805,0.03431553393602371,0.5424522161483765,0.0,60.0,0.7031629800680603,0.15711088154269973,0.060274368011667474,13713405.0,2026-02-14T17:47:19.356176
3RIMG_27JAN2026_0515_L2B_IMC_V01R00.h5,2816,2805,0.03330424800515175,0.5300689935684204,0.0,60.0,0.6911612785610112,0.14761586452762923,0.05779300356506239,13713435.0,2026-02-14T17:47:19.465437
3RIMG_27JAN2026_0545_L2B_IMC_V01R00.h5,2816,2805,0.03347672149538994,0.5095605850219727,0.0,60.0,0.7073914276454384,0.15052766974558418,0.05624848079727759,13713465.0,2026-02-14T17:47:19.572029
3RIMG_27JAN2026_0615_L2B_IMC_V01R00.h5,2816,2805,0.03170289099216461,0.48962464928627014,0.0,60.0,0.6881481931615622,0.1388044887376438,0.04796882596013612,13713495.0,2026-02-14T17:47:19.679541
3RIMG_27JAN2026_0645_L2B_IMC_V01R00.h5,2816,2805,0.03429074212908745,0.5133490562438965,0.0,60.0,0.7420165896937287,0.14765384459568953,0.05475459812023983,13713525.0,2026-02-14T17:47:19.788725
3RIMG_27JAN2026_0715_L2B_IMC_V01R00.h5,2816,2805,0.036464873701334,0.5357128381729126,0.0,60.0,0.7895169948144548,0.1659982174688057,0.05708404229460379,13713555.0,2026-02-14T17:47:19.902248
3RIMG_27JAN2026_0745_L2B_IMC_V01R00.h5,2816,2805,0.03727287799119949,0.596932590007782,0.0,60.0,0.7835541241289904,0.1527811537838276,0.05545089936801167,13713585.0,2026-02-14T17:47:20.006790
3RIMG_27JAN2026_0815_L2B_IMC_V01R00.h5,2816,2805,0.0403527095913887,0.6225723624229431,0.0,60.0,0.8600206611570248,0.16565639685626316,0.06133780991735537,13713615.0,2026-02-14T17:47:20.117296
3RIMG_27JAN2026_0845_L2B_IMC_V01R00.h5,2816,2805,0.041395604610443115,0.6600271463394165,0.0,60.0,0.8723008831631827,0.16050376762275156,0.06361661400097228,13713645.0,2026-02-14T17:47:20.223810
3RIMG_27JAN2026_0915_L2B_IMC_V01R00.h5,2816,2805,0.04396655410528183,0.7037230134010315,0.0,60.0,0.9123318748987199,0.17240418894830659,0.07022514584346135,13713675.0,2026-02-14T17:47:20.330337
3RIMG_27JAN2026_0945_L2B_IMC_V01R00.h5,2816,2805,0.04400838539004326,0.7505394220352173,0.0,60.0,0.8923543590990115,0.16011130691946202,0.0699846054124129,13713705.0,2026-02-14T17:47:20.435839
3RIMG_27JAN2026_1015_L2B_IMC_V01R00.h5,2816,2805,0.04820037633180618,0.8017895817756653,0.0,60.0,0.9774297115540431,0.17834173958839733,0.07980878301733917,13713735.0,2026-02-14T17:47:20.537118
3RIMG_27JAN2026_1045_L2B_IMC_V01R00.h5,2816,2805,0.052010394632816315,0.893975019454956,0.0,60.0,1.008649327499595,0.1885203978285529,0.08387265029978934,13713765.0,2026-02-14T17:47:20.643634
3RIMG_27JAN2026_1115_L2B_IMC_V01R00.h5,2816,2805,0.05511850118637085,0.9887383580207825,0.0,60.0,1.0195242869875223,0.18496293145357318,0.08318900907470426,13713795.0,2026-02-14T17:47:20.750133
3RIMG_27JAN2026_1145_L2B_IMC_V01R00.h5,2816,2805,0.05865843594074249,1.0537155866622925,0.0,60.0,1.0384003808134823,0.1971798533462972,0.09368416788202885,13713825.0,2026-02-14T17:47:20.850642
3RIMG_27JAN2026_1215_L2B_IMC_V01R00.h5,2816,2805,0.05933186039328575,1.0323110818862915,0.0,60.0,1.0637330862096905,0.2058266488413547,0.09055714227839896,13713855.0,2026-02-14T17:47:20.961731
3RIMG_27JAN2026_1245_L2B_IMC_V01R00.h5,2816,2805,0.062202878296375275,1.065193772315979,0.0,60.0,1.0607579808783016,0.23004527224112786,0.10296396451142441,13713885.0,2026-02-14T17:47:21.069244
3RIMG_27JAN2026_1315_L2B_IMC_V01R00.h5,2816,2805,0.07363586127758026,1.263664722442627,0.0,60.0,1.103700777831794,0.28007768189920595,0.13471530140982013,13713915.0,2026-02-14T17:47:21.180772
3RIMG_27JAN2026_1345_L2B_IMC_V01R00.h5,2816,2805,0.07704638689756393,1.3215265274047852,0.0,60.0,1.1424277872305948,0.2838377086371739,0.1380448873764382,13713945.0,2026-02-14T17:47:21.292289
3RIMG_27JAN2026_1415_L2B_IMC_V01R00.h5,2816,2805,0.0813986137509346,1.402111291885376,0.0,60.0,1.1388829808783019,0.29992859747204664,0.15089481040350022,13713975.0,2026-02-14T17:47:21.400805
3RIMG_27JAN2026_1445_L2B_IMC_V01R00.h5,2816,2805,0.08441387116909027,1.4258843660354614,0.0,60.0,1.184838863231243,0.3127405404310485,0.15546507859342085,13714005.0,2026-02-14T17:47:21.506324
3RIMG_27JAN2026_1515_L2B_IMC_V01R00.h5,2816,2805,0.08609577268362045,1.466001272201538,0.0,60.0,1.2021577742667315,0.3128544806352293,0.15745270215524226,13714035.0,2026-02-14T17:47:21.616892
3RIMG_27JAN2026_1545_L2B_IMC_V01R00.h5,2816,2805,0.09562841057777405,1.5609434843063354,0.0,60.0,1.2664200494247286,0.3517207502835845,0.18934329930319235,13714065.0,2026-02-14T17:47:21.722476
3RIMG_27JAN2026_1615_L2B_IMC_V01R00.h5,2816,2805,0.10134788602590561,1.6337289810180664,0.0,60.0,1.3088564454707503,0.3641655525846702,0.19763561416302056,13714095.0,2026-02-14T17:47:21.832986
3RIMG_27JAN2026_1645_L2B_IMC_V01R00.h5,2816,2805,0.09316003322601318,1.5833228826522827,0.0,60.0,1.223869713174526,0.3165638672824502,0.17370817128504296,13714125.0,2026-02-14T17:47:21.945504
3RIMG_27JAN2026_1715_L2B_IMC_V01R00.h5,2816,2805,0.09142144024372101,1.5741719007492065,0.0,60.0,1.2027274752876358,0.31341152163344677,0.16987218441095447,13714155.0,2026-02-14T17:47:22.062527
3RIMG_27JAN2026_1745_L2B_IMC_V01R00.h5,2816,2805,0.08194240927696228,1.4090555906295776,0.0,60.0,1.187054367201426,0.2861165127207908,0.14913506725004053,13714185.0,2026-02-14T17:47:22.169040
3RIMG_27JAN2026_1815_L2B_IMC_V01R00.h5,2816,2805,0.06894359737634659,1.2021446228027344,0.0,60.0,1.0546305298979095,0.2455664600550964,0.1265116067087992,13714215.0,2026-02-14T17:47:22.278591
3RIMG_27JAN2026_1845_L2B_IMC_V01R00.h5,2816,2805,0.0693720281124115,1.1419512033462524,0.0,60.0,1.1356546750931777,0.2588468238535084,0.126258406255064,13714245.0,2026-02-14T17:47:22.387102
3RIMG_27JAN2026_1915_L2B_IMC_V01R00.h5,2816,2805,0.0700094997882843,1.190401315689087,0.0,60.0,1.1225388915896937,0.2544664560038891,0.12263763976665047,13714275.0,2026-02-14T17:47:22.501651
3RIMG_27JAN2026_1945_L2B_IMC_V01R00.h5,2816,2805,0.06833457946777344,1.1738653182983398,0.0,60.0,1.0808114568141305,0.24493345892075838,0.12485314373683358,13714305.0,2026-02-14T17:47:22.611723
3RIMG_27JAN2026_2015_L2B_IMC_V01R00.h5,2816,2805,0.06919556856155396,1.141444206237793,0.0,60.0,1.1235643534273214,0.25780870199319394,0.12779026900016205,13714335.0,2026-02-14T17:47:22.720260
3RIMG_27JAN2026_2045_L2B_IMC_V01R00.h5,2816,2805,0.06788600981235504,1.1254621744155884,0.0,60.0,1.130147565224437,0.24931382677037756,0.12406822233025441,13714365.0,2026-02-14T17:47:22.828771
3RIMG_27JAN2026_2115_L2B_IMC_V01R00.h5,2816,2805,0.06720797717571259,1.0661280155181885,0.0,60.0,1.128020681413061,0.2622143898881867,0.12528358450818344,13714395.0,2026-02-14T17:47:22.941294
3RIMG_27JAN2026_2145_L2B_IMC_V01R00.h5,2816,2805,0.06244987994432449,0.9579603672027588,0.0,60.0,1.1401236631016043,0.23699562469615948,0.1085976746070329,13714425.0,2026-02-14T17:47:23.052856
3RIMG_27JAN2026_2215_L2B_IMC_V01R00.h5,2816,2805,0.058447178453207016,0.8723971247673035,0.0,60.0,1.1134110152325394,0.22265181899205963,0.09821645600388916,13714455.0,2026-02-14T17:47:23.164955
3RIMG_27JAN2026_2245_L2B_IMC_V01R00.h5,2816,2805,0.05421387031674385,0.7784650921821594,0.0,60.0,1.0701263976665047,0.21794229055258468,0.09175984443364123,13714485.0,2026-02-14T17:47:23.276465
3RIMG_27JAN2026_2315_L2B_IMC_V01R00.h5,2816,2805,0.054705698043107986,0.7749179601669312,0.0,60.0,1.0697212769405284,0.2240444214876033,0.09591233187489871,13714515.0,2026-02-14T17:47:23.386998
3RIMG_27JAN2026_2345_L2B_IMC_V01R00.h5,2816,2805,0.05352501571178436,0.7700132131576538,0.0,60.0,1.0244363757899853,0.2192589329120078,0.09522869064981364,13714545.0,2026-02-14T17:47:23.503299
3RIMG_28JAN2026_0015_L2B_IMC_V01R00.h5,2816,2805,0.05261209234595299,0.79622483253479,0.0,60.0,0.9590600186355535,0.21743588964511423,0.09665927321341759,13714575.0,2026-02-14T17:47:23.609909
3RIMG_28JAN2026_0045_L2B_IMC_V01R00.h5,2816,2805,0.0482775904238224,0.7220349311828613,0.0,60.0,0.9330310119915735,0.19443262842327014,0.08025188381137578,13714605.0,2026-02-14T17:47:23.718974
3RIMG_28JAN2026_0115_L2B_IMC_V01R00.h5,2816,2805,0.047979988157749176,0.7478858828544617,0.0,60.0,0.9101290309512235,0.19788881461675578,0.0776439191379031,13714635.0,2026-02-14T17:47:23.828212
3RIMG_28JAN2026_0145_L2B_IMC_V01R00.h5,2816,2805,0.051163043826818466,0.8438935875892639,0.0,60.0,0.8964941865175822,0.216283827580619,0.08987350105331388,13714665.0,2026-02-14T17:47:23.935836
3RIMG_28JAN2026_0215_L2B_IMC_V01R00.h5,2816,2805,0.05113714933395386,0.863700807094574,0.0,60.0,0.8787574947334306,0.21138439880084267,0.0949881502187652,13714695.0,2026-02-14T17:47:24.040355
3RIMG_28JAN2026_0245_L2B_IMC_V01R00.h5,2816,2805,0.04731016978621483,0.8203900456428528,0.0,60.0,0.8307506887052343,0.19634429184897098,0.08369540998217469,13714725.0,2026-02-14T17:47:24.148099
3RIMG_28JAN2026_0315_L2B_IMC_V01R00.h5,2816,2805,0.04636885225772858,0.7929519414901733,0.0,60.0,0.8383087222492304,0.1954707502835845,0.08230280748663102,13714755.0,2026-02-14T17:47:24.250502
3RIMG_28JAN2026_0345_L2B_IMC_V01R00.h5,2816,2805,0.042185429483652115,0.7721720337867737,0.0,60.0,0.7805157186841678,0.16421315426997246,0.06878190325717064,13714785.0,2026-02-14T17:47:24.366537
3RIMG_28JAN2026_0415_L2B_IMC_V01R00.h5,2816,2805,0.03947705030441284,0.6468063592910767,0.0,60.0,0.7884535529087667,0.1662260978771674,0.06497123642845569,13714815.0,2026-02-14T17:47:24.476050
3RIMG_28JAN2026_0445_L2B_IMC_V01R00.h5,2816,2805,0.034555476158857346,0.5191552639007568,0.0,60.0,0.7591962404796629,0.13934886971317453,0.045272241127856105,13714845.0,2026-02-14T17:47:24.584562
3RIMG_28JAN2026_0515_L2B_IMC_V01R00.h5,2816,2805,0.03345789387822151,0.4793231785297394,0.0,60.0,0.7489922621941338,0.13148699562469615,0.04275289661319073,13714875.0,2026-02-14T17:47:24.688092
3RIMG_28JAN2026_0545_L2B_IMC_V01R00.h5,2816,2805,0.03349479287862778,0.46255454421043396,0.0,60.0,0.7741857073407876,0.1288410508831632,0.04055005266569438,13714905.0,2026-02-14T17:47:24.790590
3RIMG_28JAN2026_0615_L2B_IMC_V01R00.h5,2816,2805,0.03527430444955826,0.49588513374328613,0.0,60.0,0.8033670596337708,0.13861458839734242,0.0426009763409496,13714935.0,2026-02-14T17:47:24.903146
3RIMG_28JAN2026_0645_L2B_IMC_V01R00.h5,2816,2805,0.03361070901155472,0.4320797920227051,0.0,56.724586486816406,0.8260538202884459,0.11697860962566844,0.034106101118133204,13714965.0,2026-02-14T17:47:25.013660
3RIMG_28JAN2026_0715_L2B_IMC_V01R00.h5,2816,2805,0.03127704933285713,0.4237529933452606,0.0,60.0,0.7714131623723869,0.09953309836331227,0.028510371090584997,13714995.0,2026-02-14T17:47:25.126231
3RIMG_28JAN2026_0745_L2B_IMC_V01R00.h5,2816,2805,0.037803225219249725,0.5079574584960938,0.0,60.0,0.9207254699400421,0.12585328552908767,0.042423736023334956,13715025.0,2026-02-14T17:47:25.240831
3RIMG_28JAN2026_0815_L2B_IMC_V01R00.h5,2816,2805,0.03896458446979523,0.4886592626571655,0.0,60.0,0.9941156214551936,0.12723322800194456,0.03865104926268028,13715055.0,2026-02-14T17:47:25.349350
3RIMG_28JAN2026_0845_L2B_IMC_V01R00.h5,2816,2805,0.03852565214037895,0.4503336250782013,0.0,58.24002456665039,1.0018508953168044,0.12527092448549668,0.03596712445308702,13715085.0,2026-02-14T17:47:25.461372
3RIMG_28JAN2026_0915_L2B_IMC_V01R00.h5,2816,2805,0.039578892290592194,0.464875727891922,0.0,60.0,1.0192837465564737,0.12808144952195755,0.03691662615459407,13715115.0,2026-02-14T17:47:25.574947
3RIMG_28JAN2026_0945_L2B_IMC_V01R00.h5,2816,2805,0.040621060878038406,0.4601117670536041,0.0,49.75255584716797,1.0497690811861935,0.13361387943607195,0.03922075028358451,13715145.0,2026-02-14T17:47:25.682515
3RIMG_28JAN2026_1015_L2B_IMC_V01R00.h5,2816,2805,0.0410357266664505,0.4695744216442108,0.0,60.0,1.0666702114730189,0.13313279857397503,0.0366507656781721,13715175.0,2026-02-14T17:47:25.792029
3RIMG_28JAN2026_1045_L2B_IMC_V01R00.h5,2816,2805,0.04181850329041481,0.5074213147163391,0.0,60.0,1.0704682182790473,0.12965129233511585,0.03820794846864366,13715205.0,2026-02-14T17:47:25.896610
3RIMG_28JAN2026_1115_L2B_IMC_V01R00.h5,2816,2805,0.042812883853912354,0.536071240901947,0.0,60.0,1.0749878463782205,0.1300943931291525,0.0397398112137417,13715235.0,2026-02-14T17:47:26.000119
3RIMG_28JAN2026_1145_L2B_IMC_V01R00.h5,2816,2805,0.045916248112916946,0.5790218114852905,0.0,60.0,1.1309831267217632,0.14703350348403824,0.04882970750283585,13715265.0,2026-02-14T17:47:26.108633
3RIMG_28JAN2026_1215_L2B_IMC_V01R00.h5,2816,2805,0.04525841027498245,0.5662420988082886,0.0,60.0,1.1021435950413223,0.15041372954140333,0.05280495462647869,13715295.0,2026-02-14T17:47:26.211149
3RIMG_28JAN2026_1245_L2B_IMC_V01R00.h5,2816,2805,0.0467553585767746,0.6155627965927124,0.0,60.0,1.0886606708799222,0.16530191622103385,0.05866654513044888,13715325.0,2026-02-14T17:47:26.314673
3RIMG_28JAN2026_1315_L2B_IMC_V01R00.h5,2816,2805,0.05081455409526825,0.6808658838272095,0.0,60.0,1.1512771430886404,0.17988626235618213,0.07209882920110193,13715355.0,2026-02-14T17:47:26.415375
3RIMG_28JAN2026_1345_L2B_IMC_V01R00.h5,2816,2805,0.05124499276280403,0.6808191537857056,0.0,60.0,1.1461498339005025,0.18351968886728245,0.07109868740884784,13715385.0,2026-02-14T17:47:26.519906
3RIMG_28JAN2026_1415_L2B_IMC_V01R00.h5,2816,2805,0.05415811017155647,0.7569459676742554,0.0,60.0,1.1423265070491007,0.19634429184897098,0.08455629152487441,13715415.0,2026-02-14T17:47:26.626931
3RIMG_28JAN2026_1445_L2B_IMC_V01R00.h5,2816,2805,0.054533325135707855,0.8023248910903931,0.0,60.0,1.124691095446443,0.1976989142764544,0.08299910873440285,13715445.0,2026-02-14T17:47:26.735513
3RIMG_28JAN2026_1515_L2B_IMC_V01R00.h5,2816,2805,0.057065632194280624,0.8466997742652893,0.0,60.0,1.1288562429103872,0.2088650542861773,0.09251944579484686,13715475.0,2026-02-14T17:47:26.837030
3RIMG_28JAN2026_1545_L2B_IMC_V01R00.h5,2816,2805,0.061182521283626556,0.9410231709480286,0.0,60.0,1.1121703330092367,0.2199678941824664,0.10619227029654836,13715505.0,2026-02-14T17:47:26.944114
3RIMG_28JAN2026_1615_L2B_IMC_V01R00.h5,2816,2805,0.06913924217224121,1.0729234218597412,0.0,60.0,1.1801926349052017,0.24670586209690487,0.12344788121860316,13715535.0,2026-02-14T17:47:27.047720
3RIMG_28JAN2026_1645_L2B_IMC_V01R00.h5,2816,2805,0.06448202580213547,1.056496500968933,0.0,60.0,1.105916281801977,0.2147393048128342,0.10514148841354724,13715565.0,2026-02-14T17:47:27.151230
3RIMG_28JAN2026_1715_L2B_IMC_V01R00.h5,2816,2805,0.0632186308503151,1.0721489191055298,0.0,60.0,1.059112177929023,0.2139797034516286,0.10585044968400582,13715595.0,2026-02-14T17:47:27.256896
3RIMG_28JAN2026_1745_L2B_IMC_V01R00.h5,2816,2805,0.06293804943561554,1.0646034479141235,0.0,60.0,1.0790010735699238,0.21111853832442065,0.10796467347269487,13715625.0,2026-02-14T17:47:27.362429
3RIMG_28JAN2026_1815_L2B_IMC_V01R00.h5,2816,2805,0.05157383903861046,0.843258798122406,0.0,60.0,0.9843547439637012,0.1697076041160266,0.08420181088964511,13715655.0,2026-02-14T17:47:27.469874
3RIMG_28JAN2026_1845_L2B_IMC_V01R00.h5,2816,2805,0.05112414434552193,0.7539034485816956,0.0,60.0,1.0390966820612544,0.17411329201101927,0.07797307972775888,13715685.0,2026-02-14T17:47:27.575498
3RIMG_28JAN2026_1915_L2B_IMC_V01R00.h5,2816,2805,0.05308930203318596,0.7706078290939331,0.0,60.0,1.0760639483065955,0.19443262842327014,0.08480949197860962,13715715.0,2026-02-14T17:47:27.676067
3RIMG_28JAN2026_1945_L2B_IMC_V01R00.h5,2816,2805,0.05137611925601959,0.7456026077270508,0.0,60.0,1.0524023659050397,0.1851781518392481,0.07822628018149409,13715745.0,2026-02-14T17:47:27.780579
3RIMG_28JAN2026_2015_L2B_IMC_V01R00.h5,2816,2805,0.051452524960041046,0.7601546049118042,0.0,60.0,1.0425908483228001,0.1895838397342408,0.07761859909252956,13715775.0,2026-02-14T17:47:27.885783
3RIMG_28JAN2026_2045_L2B_IMC_V01R00.h5,2816,2805,0.054958976805210114,0.7822184562683105,0.0,60.0,1.103536197536866,0.2064343299303192,0.08491077216010372,13715805.0,2026-02-14T17:47:27.992297
3RIMG_28JAN2026_2115_L2B_IMC_V01R00.h5,2816,2805,0.05640456825494766,0.8014410138130188,0.0,60.0,1.1184750243072437,0.21118183843785449,0.08748075676551613,13715835.0,2026-02-14T17:47:28.101812
3RIMG_28JAN2026_2145_L2B_IMC_V01R00.h5,2816,2805,0.06092768907546997,0.8647287487983704,0.0,60.0,1.1622154026900016,0.24078097147950092,0.09896339734240804,13715865.0,2026-02-14T17:47:28.210327
3RIMG_28JAN2026_2215_L2B_IMC_V01R00.h5,2816,2805,0.05990595370531082,0.8926066756248474,0.0,60.0,1.124906315832118,0.23280515718684167,0.09075970264138714,13715895.0,2026-02-14T17:47:28.316855
3RIMG_28JAN2026_2245_L2B_IMC_V01R00.h5,2816,2805,0.05782514438033104,0.8637210130691528,0.0,60.0,1.1093724679954626,0.22448752228163993,0.08497407227353751,13715925.0,2026-02-14T17:47:28.421351
3RIMG_28JAN2026_2315_L2B_IMC_V01R00.h5,2816,2805,0.06170090287923813,0.958476185798645,0.0,60.0,1.1211716091395236,0.23188097553070813,0.09230422540917194,13715955.0,2026-02-14T17:47:28.525908
3RIMG_28JAN2026_2345_L2B_IMC_V01R00.h5,2816,2805,0.05996108055114746,0.9173169732093811,0.0,60.0,1.0862552665694378,0.22619662534435264,0.09210166504618376,13715985.0,2026-02-14T17:47:28.628647
3RIMG_29JAN2026_0015_L2B_IMC_V01R00.h5,2816,2805,0.054948002099990845,0.8284635543823242,0.0,60.0,1.0567953937773455,0.2041681858693891,0.0737826122184411,13716015.0,2026-02-14T17:47:28.733208
3RIMG_29JAN2026_0045_L2B_IMC_V01R00.h5,2816,2805,0.053245749324560165,0.800832211971283,0.0,60.0,1.0071174647544967,0.2086245138551288,0.0797328228812186,13716045.0,2026-02-14T17:47:28.840720
3RIMG_29JAN2026_0115_L2B_IMC_V01R00.h5,2816,2805,0.052891843020915985,0.825182318687439,0.0,60.0,0.9924191784151677,0.2060925093177767,0.07903652163344677,13716075.0,2026-02-14T17:47:28.945238
3RIMG_29JAN2026_0145_L2B_IMC_V01R00.h5,2816,2805,0.05345628410577774,0.8392305970191956,0.0,60.0,0.9856460662777508,0.2149798452438827,0.08535387295414033,13716105.0,2026-02-14T17:47:29.048752
3RIMG_29JAN2026_0215_L2B_IMC_V01R00.h5,2816,2805,0.05325762555003166,0.8986237645149231,0.0,60.0,0.9364365580943121,0.21157429914114406,0.08439171122994651,13716135.0,2026-02-14T17:47:29.153270
3RIMG_29JAN2026_0245_L2B_IMC_V01R00.h5,2816,2805,0.049098510295152664,0.8338488936424255,0.0,60.0,0.8906199359909254,0.19340716658564253,0.07242798979095771,13716165.0,2026-02-14T17:47:29.262977
3RIMG_29JAN2026_0315_L2B_IMC_V01R00.h5,2816,2805,0.04564465209841728,0.7713810205459595,0.0,60.0,0.855247832604116,0.18184856587263004,0.0687945632798574,13716195.0,2026-02-14T17:47:29.384496
3RIMG_29JAN2026_0345_L2B_IMC_V01R00.h5,2816,2805,0.03924936056137085,0.6669864654541016,0.0,60.0,0.7848201263976664,0.1430582563603954,0.05112117160913952,13716225.0,2026-02-14T17:47:29.503015
3RIMG_29JAN2026_0415_L2B_IMC_V01R00.h5,2816,2805,0.03822857141494751,0.6337674856185913,0.0,60.0,0.7687798776535407,0.14169097391022525,0.05678020175012154,13716255.0,2026-02-14T17:47:29.613528
3RIMG_29JAN2026_0445_L2B_IMC_V01R00.h5,2816,2805,0.03877310827374458,0.6694654822349548,0.0,60.0,0.7813386201588073,0.14275441581591314,0.05367849619186517,13716285.0,2026-02-14T17:47:29.721759
3RIMG_29JAN2026_0515_L2B_IMC_V01R00.h5,2816,2805,0.03924882784485817,0.691872775554657,0.0,60.0,0.7737932466374979,0.13934886971317453,0.059324866310160436,13716315.0,2026-02-14T17:47:29.834810
3RIMG_29JAN2026_0545_L2B_IMC_V01R00.h5,2816,2805,0.039523448795080185,0.6757441163063049,0.0,60.0,0.7857316480311133,0.14600804164641062,0.05961604683195592,13716345.0,2026-02-14T17:47:29.942221
3RIMG_29JAN2026_0615_L2B_IMC_V01R00.h5,2816,2805,0.04042411968111992,0.6752580404281616,0.0,60.0,0.8285478447577379,0.14867930643331714,0.05722330254415816,13716375.0,2026-02-14T17:47:30.051719
3RIMG_29JAN2026_0645_L2B_IMC_V01R00.h5,2816,2805,0.040858566761016846,0.6749116778373718,0.0,60.0,0.8642111286663426,0.14195683438664722,0.05484321827904715,13716405.0,2026-02-14T17:47:30.158740
3RIMG_29JAN2026_0715_L2B_IMC_V01R00.h5,2816,2805,0.042627882212400436,0.7052125334739685,0.0,60.0,0.8728832442067735,0.1478817250040512,0.060552888510776205,13716435.0,2026-02-14T17:47:30.262272
3RIMG_29JAN2026_0745_L2B_IMC_V01R00.h5,2816,2805,0.044870663434267044,0.7242391109466553,0.0,60.0,0.962832705396208,0.14809694538972612,0.0629709528439475,13716465.0,2026-02-14T17:47:30.362846
3RIMG_29JAN2026_0815_L2B_IMC_V01R00.h5,2816,2805,0.04509512707591057,0.7038904428482056,0.0,60.0,0.9605285812672176,0.15533847836655323,0.06326213336574299,13716495.0,2026-02-14T17:47:30.463515
3RIMG_29JAN2026_0845_L2B_IMC_V01R00.h5,2816,2805,0.04820331558585167,0.7930549383163452,0.0,60.0,0.9662255914762599,0.16963164397990602,0.07525117485010534,13716525.0,2026-02-14T17:47:30.567029
3RIMG_29JAN2026_0915_L2B_IMC_V01R00.h5,2816,2805,0.04717772826552391,0.7673571109771729,0.0,60.0,0.9990403702803435,0.15269253362502025,0.06693353994490357,13716555.0,2026-02-14T17:47:30.675539
3RIMG_29JAN2026_0945_L2B_IMC_V01R00.h5,2816,2805,0.04690023139119148,0.7425762414932251,0.0,60.0,1.0197268473505103,0.14767916464106304,0.06057820855614974,13716585.0,2026-02-14T17:47:30.777073
3RIMG_29JAN2026_1015_L2B_IMC_V01R00.h5,2816,2805,0.045774202793836594,0.6835399270057678,0.0,60.0,1.024664256198347,0.14913506725004053,0.05826142440447254,13716615.0,2026-02-14T17:47:30.876715
3RIMG_29JAN2026_1045_L2B_IMC_V01R00.h5,2816,2805,0.047231532633304596,0.7420253753662109,0.0,60.0,1.0144982579808783,0.15279381380651436,0.06497123642845569,13716645.0,2026-02-14T17:47:30.978184
3RIMG_29JAN2026_1115_L2B_IMC_V01R00.h5,2816,2805,0.04751506447792053,0.7504593133926392,0.0,60.0,1.0005342529573813,0.15575625911521634,0.06957948468643656,13716675.0,2026-02-14T17:47:31.082697
3RIMG_29JAN2026_1145_L2B_IMC_V01R00.h5,2816,2805,0.044954072684049606,0.713500440120697,0.0,60.0,0.9567179144385027,0.1460207016690974,0.06243923189110355,13716705.0,2026-02-14T17:47:31.184211
3RIMG_29JAN2026_1215_L2B_IMC_V01R00.h5,2816,2805,0.04687263444066048,0.7669639587402344,0.0,60.0,0.945855614973262,0.1554144385026738,0.07026312591152163,13716735.0,2026-02-14T17:47:31.288257
3RIMG_29JAN2026_1245_L2B_IMC_V01R00.h5,2816,2805,0.04574553295969963,0.7498133182525635,0.0,60.0,0.9252324380165289,0.1474006441419543,0.07103538729541403,13716765.0,2026-02-14T17:47:31.389866
3RIMG_29JAN2026_1315_L2B_IMC_V01R00.h5,2816,2805,0.0476967953145504,0.8117182850837708,0.0,60.0,0.9197886282612219,0.15690832117971157,0.07659313725490197,13716795.0,2026-02-14T17:47:31.492379
3RIMG_29JAN2026_1345_L2B_IMC_V01R00.h5,2816,2805,0.04837767779827118,0.7847936153411865,0.0,60.0,0.9437667112299465,0.15842752390212284,0.07739071868416789,13716825.0,2026-02-14T17:47:31.596947
3RIMG_29JAN2026_1415_L2B_IMC_V01R00.h5,2816,2805,0.04493756219744682,0.7261397838592529,0.0,60.0,0.8977601887862584,0.14217205477232217,0.06646511910549344,13716855.0,2026-02-14T17:47:31.702483
3RIMG_29JAN2026_1445_L2B_IMC_V01R00.h5,2816,2805,0.04478316381573677,0.6794750690460205,0.0,60.0,0.9133066966456004,0.15067959001782533,0.06714876033057851,13716885.0,2026-02-14T17:47:31.805175
3RIMG_29JAN2026_1515_L2B_IMC_V01R00.h5,2816,2805,0.043933164328336716,0.6690138578414917,0.0,60.0,0.9081034273213417,0.15050234970021067,0.06240125182304327,13716915.0,2026-02-14T17:47:31.905675
3RIMG_29JAN2026_1545_L2B_IMC_V01R00.h5,2816,2805,0.04562575742602348,0.714223325252533,0.0,60.0,0.9045712809917354,0.15794644304002592,0.06479399611084104,13716945.0,2026-02-14T17:47:32.007721
3RIMG_29JAN2026_1615_L2B_IMC_V01R00.h5,2816,2805,0.049578774720430374,0.7846038937568665,0.0,60.0,0.9318029897909577,0.17815183924809594,0.07430167314859827,13716975.0,2026-02-14T17:47:32.111814
3RIMG_29JAN2026_1645_L2B_IMC_V01R00.h5,2816,2805,0.049070730805397034,0.8622956275939941,0.0,60.0,0.8720603427321342,0.15671842083941012,0.07352941176470588,13717005.0,2026-02-14T17:47:32.220541
3RIMG_29JAN2026_1715_L2B_IMC_V01R00.h5,2816,2805,0.042213816195726395,0.724994421005249,0.0,60.0,0.8039114406093015,0.13910832928212608,0.058843785448063526,13717035.0,2026-02-14T17:47:32.329172
3RIMG_29JAN2026_1945_L2B_IMC_V01R00.h5,2816,2805,0.045993831008672714,0.7293241024017334,0.0,60.0,0.8629198063522929,0.161909030140982,0.07298503078917518,13717185.0,2026-02-14T17:47:32.436794
3RIMG_29JAN2026_2015_L2B_IMC_V01R00.h5,2816,2805,0.0435587540268898,0.6655464768409729,0.0,60.0,0.8330674728569113,0.1530343542375628,0.06460409577053962,13717215.0,2026-02-14T17:47:32.545454
3RIMG_29JAN2026_2045_L2B_IMC_V01R00.h5,2816,2805,0.04627515375614166,0.7193934321403503,0.0,60.0,0.855095912331875,0.1644536947010209,0.07389655242262194,13717245.0,2026-02-14T17:47:32.648024
3RIMG_29JAN2026_2115_L2B_IMC_V01R00.h5,2816,2805,0.05216173827648163,0.8652588725090027,0.0,60.0,0.8803779776373359,0.1817346256684492,0.08740479662939557,13717275.0,2026-02-14T17:47:32.749652
3RIMG_29JAN2026_2145_L2B_IMC_V01R00.h5,2816,2805,0.05502638593316078,0.9015899300575256,0.0,60.0,0.9317650097228973,0.18750759601361205,0.0952413506725004,13717305.0,2026-02-14T17:47:32.855061
3RIMG_29JAN2026_2215_L2B_IMC_V01R00.h5,2816,2805,0.05553562194108963,0.9225452542304993,0.0,60.0,0.9422728285529088,0.19226776454383407,0.09191176470588235,13717335.0,2026-02-14T17:47:32.963995
3RIMG_29JAN2026_2245_L2B_IMC_V01R00.h5,2816,2805,0.058283742517232895,0.9988411068916321,0.0,60.0,0.9603133608815426,0.20853589369632153,0.09843167638956409,13717365.0,2026-02-14T17:47:33.076541
3RIMG_29JAN2026_2315_L2B_IMC_V01R00.h5,2816,2805,0.05737495794892311,0.9886019229888916,0.0,60.0,0.9475393979906013,0.20948539539782854,0.09963437854480636,13717395.0,2026-02-14T17:47:33.184031
3RIMG_29JAN2026_2345_L2B_IMC_V01R00.h5,2816,2805,0.05607210844755173,1.0039139986038208,0.0,60.0,0.9065462445308701,0.20004101847350514,0.09367150785934208,13717425.0,2026-02-14T17:47:33.293599
3RIMG_30JAN2026_0015_L2B_IMC_V01R00.h5,2816,2805,0.05602394416928291,1.0217920541763306,0.0,60.0,0.9041914803111327,0.19615439150866956,0.09217762518230432,13717455.0,2026-02-14T17:47:33.404114
3RIMG_30JAN2026_0045_L2B_IMC_V01R00.h5,2816,2805,0.051377225667238235,0.9234832525253296,0.0,60.0,0.8382580821584832,0.19143220304650785,0.08993680116674768,13717485.0,2026-02-14T17:47:33.510627
3RIMG_30JAN2026_0115_L2B_IMC_V01R00.h5,2816,2805,0.05466116592288017,0.9935663938522339,0.0,60.0,0.8619196645600389,0.2081560930157187,0.10728103224760979,13717515.0,2026-02-14T17:47:33.615174
3RIMG_30JAN2026_0145_L2B_IMC_V01R00.h5,2816,2805,0.05504637956619263,1.0505067110061646,0.0,60.0,0.8452590747042619,0.2079535326527305,0.10790137335926107,13717545.0,2026-02-14T17:47:33.720672
3RIMG_30JAN2026_0215_L2B_IMC_V01R00.h5,2816,2805,0.056646186858415604,1.102491021156311,0.0,60.0,0.8428030303030304,0.2064090098849457,0.11102839896289095,13717575.0,2026-02-14T17:47:33.828278
3RIMG_30JAN2026_0245_L2B_IMC_V01R00.h5,2816,2805,0.054700274020433426,1.0833691358566284,0.0,60.0,0.821293651758224,0.19853447577378056,0.10349568546426835,13717605.0,2026-02-14T17:47:33.937834
3RIMG_30JAN2026_0315_L2B_IMC_V01R00.h5,2816,2805,0.05218207836151123,1.0570632219314575,0.0,60.0,0.777072192513369,0.18996364041484362,0.09881147707016691,13717635.0,2026-02-14T17:47:34.043366
3RIMG_30JAN2026_0345_L2B_IMC_V01R00.h5,2816,2805,0.04774206131696701,0.994253933429718,0.0,60.0,0.739990986063847,0.16806180116674768,0.08617677442877977,13717665.0,2026-02-14T17:47:34.147882
3RIMG_30JAN2026_0415_L2B_IMC_V01R00.h5,2816,2805,0.04994647577404976,1.021681308746338,0.0,60.0,0.7543474517906337,0.18586179306433318,0.09653267298655,13717695.0,2026-02-14T17:47:34.252433
3RIMG_30JAN2026_0445_L2B_IMC_V01R00.h5,2816,2805,0.04861140996217728,0.97225022315979,0.0,60.0,0.7970750283584509,0.1790633608815427,0.08531589288608005,13717725.0,2026-02-14T17:47:34.359970
3RIMG_30JAN2026_0515_L2B_IMC_V01R00.h5,2816,2805,0.04720437899231911,0.9628532528877258,0.0,60.0,0.7692356384702641,0.16761870037271107,0.0824673877815589,13717755.0,2026-02-14T17:47:34.464503
3RIMG_30JAN2026_0545_L2B_IMC_V01R00.h5,2816,2805,0.042997583746910095,0.8787815570831299,0.0,60.0,0.7301288283908605,0.1572501417922541,0.07212414924647545,13717785.0,2026-02-14T17:47:34.567994
3RIMG_30JAN2026_0615_L2B_IMC_V01R00.h5,2816,2805,0.04963311925530434,0.9531073570251465,0.0,60.0,0.8089501296386322,0.1850895316804408,0.09229156538648517,13717815.0,2026-02-14T17:47:34.674543
3RIMG_30JAN2026_0645_L2B_IMC_V01R00.h5,2816,2805,0.04589443653821945,0.7942512035369873,0.0,60.0,0.8839481040350026,0.1688340625506401,0.07918844190568788,13717845.0,2026-02-14T17:47:34.780041
3RIMG_30JAN2026_0715_L2B_IMC_V01R00.h5,2816,2805,0.0421236976981163,0.6678680777549744,0.0,60.0,0.8907338761951062,0.1548953775725166,0.06651575919624048,13717875.0,2026-02-14T17:47:34.885571
3RIMG_30JAN2026_0745_L2B_IMC_V01R00.h5,2816,2805,0.04595319554209709,0.7170184850692749,0.0,60.0,0.922269992707827,0.17455639280505592,0.08350550964187328,13717905.0,2026-02-14T17:47:34.991084
3RIMG_30JAN2026_0815_L2B_IMC_V01R00.h5,2816,2805,0.042522720992565155,0.6344363689422607,0.0,55.60456848144531,0.9139523578026252,0.16406123399773131,0.07068090666018474,13717935.0,2026-02-14T17:47:35.092636
3RIMG_30JAN2026_0845_L2B_IMC_V01R00.h5,2816,2805,0.04541785642504692,0.6557441353797913,0.0,54.66180419921875,0.9535402487441258,0.17569579484686437,0.08320166909739102,13717965.0,2026-02-14T17:47:35.208766
3RIMG_30JAN2026_0915_L2B_IMC_V01R00.h5,2816,2805,0.04390345886349678,0.619033932685852,0.0,52.21229934692383,0.9450453735213092,0.16634003808134826,0.0788339612704586,13717995.0,2026-02-14T17:47:35.373798
3RIMG_30JAN2026_0945_L2B_IMC_V01R00.h5,2816,2805,0.04112281650304794,0.5773831605911255,0.0,60.0,0.9006973140495869,0.1511986509479825,0.0664777791281802,13718025.0,2026-02-14T17:47:35.534350
3RIMG_30JAN2026_1015_L2B_IMC_V01R00.h5,2816,2805,0.04194462299346924,0.5685821175575256,0.0,59.120452880859375,0.9136611772808297,0.16588427726462487,0.07371931210500729,13718055.0,2026-02-14T17:47:35.690465
3RIMG_30JAN2026_1045_L2B_IMC_V01R00.h5,2816,2805,0.041281554847955704,0.5575376749038696,0.0,58.415443420410156,0.8879613312267056,0.16783392075838602,0.06971874493599092,13718085.0,2026-02-14T17:47:35.860028
3RIMG_30JAN2026_1115_L2B_IMC_V01R00.h5,2816,2805,0.03849492967128754,0.5058135986328125,0.0,48.508644104003906,0.8618943445146654,0.15376863555339493,0.05864122508507535,13718115.0,2026-02-14T17:47:36.020471
3RIMG_30JAN2026_1145_L2B_IMC_V01R00.h5,2816,2805,0.037670135498046875,0.4921882152557373,0.0,53.38764572143555,0.8520828269324259,0.1501352090422946,0.05603326041160266,13718145.0,2026-02-14T17:47:36.180673
3RIMG_30JAN2026_1215_L2B_IMC_V01R00.h5,2816,2805,0.03887326642870903,0.5213433504104614,0.0,60.0,0.8608942027224114,0.15524985820774592,0.05927422621941339,13718175.0,2026-02-14T17:47:36.350814
3RIMG_30JAN2026_1245_L2B_IMC_V01R00.h5,2816,2805,0.03931376338005066,0.5683502554893494,0.0,60.0,0.8376250810241452,0.15495867768595042,0.05799556392805055,13718205.0,2026-02-14T17:47:36.513791
3RIMG_30JAN2026_1315_L2B_IMC_V01R00.h5,2816,2805,0.04437518119812012,0.6738452911376953,0.0,60.0,0.9009251944579485,0.17822779938421648,0.0750359544644304,13718235.0,2026-02-14T17:47:36.679877
3RIMG_30JAN2026_1345_L2B_IMC_V01R00.h5,2816,2805,0.04719860851764679,0.7653329968452454,0.0,60.0,0.8964815264948954,0.1798989223788689,0.08225216739588397,13718265.0,2026-02-14T17:47:36.851427
3RIMG_30JAN2026_1415_L2B_IMC_V01R00.h5,2816,2805,0.04774682968854904,0.7876339554786682,0.0,60.0,0.9050397018311457,0.17782267865824017,0.07994804326689353,13718295.0,2026-02-14T17:47:37.018509
3RIMG_30JAN2026_1445_L2B_IMC_V01R00.h5,2816,2805,0.04757179692387581,0.8389496207237244,0.0,60.0,0.893012680278723,0.1630990722735375,0.0743269931939718,13718325.0,2026-02-14T17:47:37.185256
3RIMG_30JAN2026_1515_L2B_IMC_V01R00.h5,2816,2805,0.05001391842961311,0.9072067737579346,0.0,60.0,0.9035711391994815,0.16756806028196403,0.07420039296710419,13718355.0,2026-02-14T17:47:37.336655
3RIMG_30JAN2026_1545_L2B_IMC_V01R00.h5,2816,2805,0.05319904908537865,0.9823823571205139,0.0,60.0,0.9197379881704748,0.1764933762761303,0.07949228245017015,13718385.0,2026-02-14T17:47:37.500845
3RIMG_30JAN2026_1615_L2B_IMC_V01R00.h5,2816,2805,0.05843079835176468,1.102684736251831,0.0,60.0,0.9653140698428132,0.1827347674607033,0.09007606141630206,13718415.0,2026-02-14T17:47:37.657856
3RIMG_30JAN2026_1645_L2B_IMC_V01R00.h5,2816,2805,0.05688868463039398,1.1605194807052612,0.0,60.0,0.860539722087182,0.1678972208718198,0.0900634013936153,13718445.0,2026-02-14T17:47:37.817874
3RIMG_30JAN2026_1715_L2B_IMC_V01R00.h5,2816,2805,0.05182310938835144,1.0807054042816162,0.0,60.0,0.8295606465726786,0.14490661967266244,0.08069498460541241,13718475.0,2026-02-14T17:47:37.982008
3RIMG_30JAN2026_1945_L2B_IMC_V01R00.h5,2816,2805,0.04898809641599655,0.8897415995597839,0.0,60.0,0.821394931939718,0.16888470264138714,0.08837961837627613,13718625.0,2026-02-14T17:47:38.094522
3RIMG_30JAN2026_2015_L2B_IMC_V01R00.h5,2816,2805,0.04361072555184364,0.775159478187561,0.0,60.0,0.794315143412737,0.15031244935990926,0.0733901515151515,13718655.0,2026-02-14T17:47:38.205080
3RIMG_30JAN2026_2045_L2B_IMC_V01R00.h5,2816,2805,0.04427352175116539,0.7865867614746094,0.0,60.0,0.7768696321503809,0.1568576810889645,0.08016326365256846,13718685.0,2026-02-14T17:47:38.314612
3RIMG_30JAN2026_2115_L2B_IMC_V01R00.h5,2816,2805,0.04783157259225845,0.8562716841697693,0.0,60.0,0.7963154269972452,0.17363221114892238,0.08769597715119105,13718715.0,2026-02-14T17:47:38.420124
3RIMG_30JAN2026_2145_L2B_IMC_V01R00.h5,2816,2805,0.0505552664399147,0.9440761208534241,0.0,60.0,0.7875420312753201,0.1721130084265111,0.09338032733754659,13718745.0,2026-02-14T17:47:38.525590
3RIMG_30JAN2026_2215_L2B_IMC_V01R00.h5,2816,2805,0.052592091262340546,1.0044881105422974,0.0,60.0,0.8030125789985416,0.1799369024469292,0.09216496515961757,13718775.0,2026-02-14T17:47:38.646110
3RIMG_30JAN2026_2245_L2B_IMC_V01R00.h5,2816,2805,0.05413343012332916,1.0836435556411743,0.0,60.0,0.7519293874574623,0.17028996515961756,0.09495017015070491,13718805.0,2026-02-14T17:47:38.757751
3RIMG_30JAN2026_2315_L2B_IMC_V01R00.h5,2816,2805,0.05710962414741516,1.1993718147277832,0.0,60.0,0.7312808904553557,0.16813776130286825,0.10077378058661482,13718835.0,2026-02-14T17:47:38.874820
3RIMG_30JAN2026_2345_L2B_IMC_V01R00.h5,2816,2805,0.05516554415225983,1.1475763320922852,0.0,60.0,0.7413582685140172,0.16803648112137418,0.09497549019607843,13718865.0,2026-02-14T17:47:38.989392
