filename,height,width,mean,std,min,max,pct_lt_220,pct_lt_240,pct_lt_260,timestamp,processed_at
3RIMG_23JAN2026_0015_L2B_OLR_V01R00.h5,2816,2805,-200.7337646484375,595.64697265625,-999.0,339.2877197265625,53.53714703856749,59.22012994247285,68.69201709609463,13707375.0,2026-02-15T03:21:41.349841
3RIMG_23JAN2026_0045_L2B_OLR_V01R00.h5,2816,2805,-200.42892456054688,596.0089111328125,-999.0,344.6278381347656,53.27924971641549,59.04759915329768,68.38999959487927,13707405.0,2026-02-15T03:21:41.559459
3RIMG_23JAN2026_0115_L2B_OLR_V01R00.h5,2816,2805,-199.9749298095703,596.4166870117188,-999.0,352.5924377441406,52.920414033381945,58.74965817938745,67.98554985010533,13707435.0,2026-02-15T03:21:41.773290
3RIMG_23JAN2026_0145_L2B_OLR_V01R00.h5,2816,2805,-199.6315460205078,596.7706298828125,-999.0,357.1368103027344,52.573377491492465,58.47873369389078,67.73689434451467,13707465.0,2026-02-15T03:21:41.975078
3RIMG_23JAN2026_0215_L2B_OLR_V01R00.h5,2816,2805,-199.13677978515625,597.1825561523438,-999.0,361.20733642578125,52.159255489385835,58.04184897099336,67.42748339005024,13707495.0,2026-02-15T03:21:42.171492
3RIMG_23JAN2026_0245_L2B_OLR_V01R00.h5,2816,2805,-198.34950256347656,597.539794921875,-999.0,361.5306091308594,51.65352556311781,57.50853285529087,66.9885983835683,13707525.0,2026-02-15T03:21:42.374050
3RIMG_23JAN2026_0315_L2B_OLR_V01R00.h5,2816,2805,-197.87770080566406,597.8722534179688,-999.0,362.4693908691406,51.327074218117,57.12138936152974,66.59192189272403,13707555.0,2026-02-15T03:21:42.575893
3RIMG_23JAN2026_0345_L2B_OLR_V01R00.h5,2816,2805,-197.3751220703125,598.5626220703125,-999.0,364.1403503417969,50.97061861934856,56.50840372305947,65.74799212040188,13707585.0,2026-02-15T03:21:42.777336
3RIMG_23JAN2026_0515_L2B_OLR_V01R00.h5,2816,2805,-195.0938262939453,600.1395263671875,-999.0,364.3223876953125,50.14489395964997,55.163883993680116,63.52557577783179,13707675.0,2026-02-15T03:21:42.979728
3RIMG_23JAN2026_0545_L2B_OLR_V01R00.h5,2816,2805,-194.314697265625,600.6944580078125,-999.0,362.332275390625,49.96840058337384,54.86682922135796,63.00840119105493,13707705.0,2026-02-15T03:21:43.180584
3RIMG_23JAN2026_0615_L2B_OLR_V01R00.h5,2816,2805,-193.6975555419922,601.3031616210938,-999.0,360.3583984375,49.70390738940204,54.52040036055744,62.374045434289414,13707735.0,2026-02-15T03:21:43.381651
3RIMG_23JAN2026_0645_L2B_OLR_V01R00.h5,2816,2805,-193.28195190429688,601.5792236328125,-999.0,356.2883605957031,49.59728467833414,54.4618224355858,62.05115155566359,13707765.0,2026-02-15T03:21:43.579897
3RIMG_23JAN2026_0715_L2B_OLR_V01R00.h5,2816,2805,-192.9889373779297,601.8488159179688,-999.0,352.3589172363281,49.50501843299303,54.377620624696156,61.896661298817044,13707795.0,2026-02-15T03:21:43.792836
3RIMG_23JAN2026_0745_L2B_OLR_V01R00.h5,2816,2805,-192.6975860595703,601.9730834960938,-999.0,348.3161926269531,49.46579768270944,54.321042983309034,61.875835561497325,13707825.0,2026-02-15T03:21:43.988935
3RIMG_23JAN2026_0815_L2B_OLR_V01R00.h5,2816,2805,-192.82373046875,602.0873413085938,-999.0,347.4328308105469,49.511994105493436,54.3925974315346,61.92161420353265,13707855.0,2026-02-15T03:21:44.224239
3RIMG_23JAN2026_0845_L2B_OLR_V01R00.h5,2816,2805,-192.7949676513672,601.9710083007812,-999.0,354.1806640625,49.63417598444336,54.5309588194782,62.01465271025766,13707885.0,2026-02-15T03:21:44.424501
3RIMG_23JAN2026_0915_L2B_OLR_V01R00.h5,2816,2805,-193.07347106933594,601.8427734375,-999.0,358.1130676269531,49.805655991735534,54.778145762437205,62.30160478447577,13707915.0,2026-02-15T03:21:44.624071
3RIMG_23JAN2026_0945_L2B_OLR_V01R00.h5,2816,2805,-193.2940673828125,601.64990234375,-999.0,359.86968994140625,49.967856202398316,55.056501681251014,62.65388257575758,13707945.0,2026-02-15T03:21:44.824992
3RIMG_23JAN2026_1015_L2B_OLR_V01R00.h5,2816,2805,-193.61959838867188,601.33740234375,-999.0,363.6268310546875,50.19391356749311,55.53849406498137,63.045064616755795,13707975.0,2026-02-15T03:21:45.025628
3RIMG_23JAN2026_1045_L2B_OLR_V01R00.h5,2816,2805,-194.07688903808594,601.0332641601562,-999.0,363.68560791015625,50.44129041079242,56.023018453249065,63.314837040187975,13708005.0,2026-02-15T03:21:45.217317
3RIMG_23JAN2026_1115_L2B_OLR_V01R00.h5,2816,2805,-194.65756225585938,600.5508422851562,-999.0,363.6983337402344,50.86673047318101,56.473056939718035,63.66903915491816,13708035.0,2026-02-15T03:21:45.421387
3RIMG_23JAN2026_1145_L2B_OLR_V01R00.h5,2816,2805,-195.12109375,600.1898193359375,-999.0,365.3821716308594,51.28140951628586,56.84766701101929,63.99519931939718,13708065.0,2026-02-15T03:21:45.616204
3RIMG_23JAN2026_1215_L2B_OLR_V01R00.h5,2816,2805,-195.55166625976562,599.8793334960938,-999.0,363.7761535644531,51.56401920272241,57.09019506562956,64.25338782207098,13708095.0,2026-02-15T03:21:45.820199
3RIMG_23JAN2026_1245_L2B_OLR_V01R00.h5,2816,2805,-196.18075561523438,599.5189819335938,-999.0,360.2209777832031,51.863010958515645,57.405974011505435,64.64281011991574,13708125.0,2026-02-15T03:21:46.027779
3RIMG_23JAN2026_1315_L2B_OLR_V01R00.h5,2816,2805,-196.23892211914062,599.1690063476562,-999.0,357.3737487792969,52.03561770782693,57.605318728731156,64.81465726786583,13708155.0,2026-02-15T03:21:46.267922
3RIMG_23JAN2026_1345_L2B_OLR_V01R00.h5,2816,2805,-196.8113250732422,598.80126953125,-999.0,352.3407287597656,52.26689100226868,57.93373237724842,65.1329175781883,13708185.0,2026-02-15T03:21:46.532647
3RIMG_23JAN2026_1415_L2B_OLR_V01R00.h5,2816,2805,-197.46006774902344,598.4410400390625,-999.0,349.29736328125,52.48545363393291,58.220545191216985,65.50460318424891,13708215.0,2026-02-15T03:21:46.733796
3RIMG_23JAN2026_1445_L2B_OLR_V01R00.h5,2816,2805,-197.88153076171875,597.99853515625,-999.0,342.6375427246094,52.689216699076326,58.47346712445308,65.85199420677363,13708245.0,2026-02-15T03:21:46.930626
3RIMG_23JAN2026_1515_L2B_OLR_V01R00.h5,2816,2805,-198.45535278320312,597.4736328125,-999.0,335.996337890625,52.89609412980069,58.79415815913143,66.41512467590341,13708275.0,2026-02-15T03:21:47.113112
3RIMG_23JAN2026_1545_L2B_OLR_V01R00.h5,2816,2805,-199.01046752929688,597.1140747070312,-999.0,330.12646484375,53.07129618376276,59.026659475773776,66.79139321017664,13708305.0,2026-02-15T03:21:47.301272
3RIMG_23JAN2026_1615_L2B_OLR_V01R00.h5,2816,2805,-200.2003631591797,596.563232421875,-999.0,322.72930908203125,53.39473444336412,59.44208546021714,67.51607822881218,13708335.0,2026-02-15T03:21:47.491710
3RIMG_23JAN2026_1645_L2B_OLR_V01R00.h5,2816,2805,-201.83493041992188,596.2291870117188,-999.0,316.3458251953125,53.79600652244368,59.901593643655815,68.22583708070005,13708365.0,2026-02-15T03:21:47.671755
3RIMG_23JAN2026_1715_L2B_OLR_V01R00.h5,2816,2805,-202.07315063476562,596.2645874023438,-999.0,312.283935546875,53.822921730675745,59.94814454707503,68.25887973991249,13708395.0,2026-02-15T03:21:47.998249
3RIMG_23JAN2026_1745_L2B_OLR_V01R00.h5,2816,2805,-200.984130859375,596.2943115234375,-999.0,314.49658203125,53.58268514017177,59.71560525036461,67.98125810241451,13708425.0,2026-02-15T03:21:48.185635
3RIMG_23JAN2026_1815_L2B_OLR_V01R00.h5,2816,2805,-200.44081115722656,596.226318359375,-999.0,312.90081787109375,53.46423796791444,59.63180856020094,67.99636150947983,13708455.0,2026-02-15T03:21:48.368176
3RIMG_23JAN2026_1845_L2B_OLR_V01R00.h5,2816,2805,-200.26170349121094,596.3075561523438,-999.0,312.8632507324219,53.30829180845892,59.58756178091071,68.04296305298979,13708485.0,2026-02-15T03:21:48.551524
3RIMG_23JAN2026_1915_L2B_OLR_V01R00.h5,2816,2805,-200.5034942626953,595.9849243164062,-999.0,311.82861328125,53.40816672743478,59.77404391508669,68.5116117728083,13708515.0,2026-02-15T03:21:48.735285
3RIMG_23JAN2026_1945_L2B_OLR_V01R00.h5,2816,2805,-200.78164672851562,595.5245361328125,-999.0,311.33306884765625,53.54245158807325,60.08106212526333,69.17671872467996,13708545.0,2026-02-15T03:21:48.917099
3RIMG_23JAN2026_2015_L2B_OLR_V01R00.h5,2816,2805,-201.27503967285156,595.3086547851562,-999.0,309.5672302246094,53.63283149003403,60.32389402041809,69.57853518473505,13708575.0,2026-02-15T03:21:49.098240
3RIMG_23JAN2026_2045_L2B_OLR_V01R00.h5,2816,2805,-201.27528381347656,595.0946044921875,-999.0,308.2725830078125,53.646896775239014,60.40595628747367,69.79754091719332,13708605.0,2026-02-15T03:21:49.324280
3RIMG_23JAN2026_2115_L2B_OLR_V01R00.h5,2816,2805,-201.34901428222656,595.1177368164062,-999.0,307.4698486328125,53.529196544320214,60.33127481364446,69.9288633325231,13708635.0,2026-02-15T03:21:49.505695
3RIMG_23JAN2026_2145_L2B_OLR_V01R00.h5,2816,2805,-201.34454345703125,595.0120239257812,-999.0,307.88458251953125,53.507028844595695,60.265543975854804,70.09822911602657,13708665.0,2026-02-15T03:21:49.684693
3RIMG_23JAN2026_2215_L2B_OLR_V01R00.h5,2816,2805,-201.82691955566406,595.0243530273438,-999.0,306.25079345703125,53.538628261221845,60.27434269162211,70.25517541727436,13708695.0,2026-02-15T03:21:49.864753
3RIMG_23JAN2026_2245_L2B_OLR_V01R00.h5,2816,2805,-201.32688903808594,595.0874633789062,-999.0,306.68914794921875,53.36083090260898,60.07468147382921,70.14299495624697,13708725.0,2026-02-15T03:21:50.049434
3RIMG_23JAN2026_2315_L2B_OLR_V01R00.h5,2816,2805,-201.13523864746094,595.4102783203125,-999.0,307.52142333984375,53.14834508183439,59.86004344919786,69.83206479906012,13708755.0,2026-02-15T03:21:50.230397
3RIMG_23JAN2026_2345_L2B_OLR_V01R00.h5,2816,2805,-200.77459716796875,595.578125,-999.0,311.3562927246094,52.919198671204015,59.61366674769081,69.78048786663426,13708785.0,2026-02-15T03:21:50.414257
3RIMG_24JAN2026_0014_L2B_OLR_V01R00.h5,2816,2805,-200.41680908203125,595.9066772460938,-999.0,312.1785888671875,52.59757079484686,59.25794543023821,69.49894162210339,13708814.0,2026-02-15T03:21:50.697478
3RIMG_24JAN2026_0015_L2B_OLR_V01R00.h5,2816,2805,-200.40232849121094,595.9049072265625,-999.0,311.952880859375,52.58412585075353,59.25232438016529,69.50941146086534,13708815.0,2026-02-15T03:21:50.875498
3RIMG_24JAN2026_0044_L2B_OLR_V01R00.h5,2816,2805,-199.892333984375,596.2884521484375,-999.0,317.0784606933594,52.27018260816724,58.81349001377411,69.03952205882354,13708844.0,2026-02-15T03:21:51.074988
3RIMG_24JAN2026_0045_L2B_OLR_V01R00.h5,2816,2805,-199.67584228515625,596.2255249023438,-999.0,317.5337219238281,52.26283979500891,58.8131102130935,69.03850925700858,13708845.0,2026-02-15T03:21:51.258041
3RIMG_24JAN2026_0114_L2B_OLR_V01R00.h5,2816,2805,-199.3138885498047,596.712646484375,-999.0,324.33001708984375,51.863985780262524,58.329079565710586,68.50087607356993,13708874.0,2026-02-15T03:21:51.437467
3RIMG_24JAN2026_0115_L2B_OLR_V01R00.h5,2816,2805,-199.3164825439453,596.7282104492188,-999.0,324.3687744140625,51.855149084427154,58.314824380165284,68.49496384297521,13708875.0,2026-02-15T03:21:51.620763
3RIMG_24JAN2026_0144_L2B_OLR_V01R00.h5,2816,2805,-199.17735290527344,597.0523071289062,-999.0,328.7476501464844,51.563449501701506,58.040405728407066,68.23750962161725,13708904.0,2026-02-15T03:21:51.802358
3RIMG_24JAN2026_0145_L2B_OLR_V01R00.h5,2816,2805,-198.85470581054688,596.9580688476562,-999.0,328.4249267578125,51.542661744449845,58.02537828147788,68.2430926916221,13708905.0,2026-02-15T03:21:51.987843
3RIMG_24JAN2026_0214_L2B_OLR_V01R00.h5,2816,2805,-198.39932250976562,597.4149169921875,-999.0,332.8132629394531,51.22404695349214,57.561274509803916,67.71925893291201,13708934.0,2026-02-15T03:21:52.183867
3RIMG_24JAN2026_0215_L2B_OLR_V01R00.h5,2816,2805,-198.3979034423828,597.415283203125,-999.0,332.7933654785156,51.22040086695835,57.55946412655971,67.71537230594717,13708935.0,2026-02-15T03:21:52.367289
3RIMG_24JAN2026_0244_L2B_OLR_V01R00.h5,2816,2805,-197.9927215576172,597.7042846679688,-999.0,337.2100830078125,51.00976340949603,57.22282146329606,67.3813249473343,13708964.0,2026-02-15T03:21:52.547825
3RIMG_24JAN2026_0245_L2B_OLR_V01R00.h5,2816,2805,-197.8585662841797,597.6639404296875,-999.0,337.2952880859375,51.00547166180521,57.21441520823205,67.36944984605412,13708965.0,2026-02-15T03:21:52.732427
3RIMG_24JAN2026_0315_L2B_OLR_V01R00.h5,2816,2805,-197.71522521972656,598.2167358398438,-999.0,341.1700744628906,50.80117687570896,56.793975854804735,66.75914813239345,13708995.0,2026-02-15T03:21:52.914022
3RIMG_24JAN2026_0345_L2B_OLR_V01R00.h5,2816,2805,-196.88864135742188,598.7322998046875,-999.0,346.44696044921875,50.5535594919786,56.33429043104845,65.81350773780586,13709025.0,2026-02-15T03:21:53.093776
3RIMG_24JAN2026_0415_L2B_OLR_V01R00.h5,2816,2805,-196.31385803222656,599.2415161132812,-999.0,350.3274230957031,50.34658078107276,55.97950595527467,65.08411319073085,13709055.0,2026-02-15T03:21:53.272788
3RIMG_24JAN2026_0445_L2B_OLR_V01R00.h5,2816,2805,-195.53250122070312,599.694091796875,-999.0,351.3258361816406,50.151211310970666,55.656523456490035,64.33823529411765,13709085.0,2026-02-15T03:21:53.451374
3RIMG_24JAN2026_0515_L2B_OLR_V01R00.h5,2816,2805,-195.1300506591797,600.3207397460938,-999.0,352.0197448730469,49.94266275725166,55.330021471398474,63.60164985415654,13709115.0,2026-02-15T03:21:53.632470
3RIMG_24JAN2026_0545_L2B_OLR_V01R00.h5,2816,2805,-194.4884033203125,600.7489624023438,-999.0,354.7433166503906,49.778310342732134,55.08460693161562,62.93406153783827,13709145.0,2026-02-15T03:21:53.811561
3RIMG_24JAN2026_0615_L2B_OLR_V01R00.h5,2816,2805,-193.99366760253906,601.1666259765625,-999.0,352.96661376953125,49.65314069842813,54.90964541808459,62.451031032247606,13709175.0,2026-02-15T03:21:53.991520
3RIMG_24JAN2026_0645_L2B_OLR_V01R00.h5,2816,2805,-193.45826721191406,601.4071044921875,-999.0,353.1622314453125,49.55682324582726,54.82082269891427,62.25916838842976,13709205.0,2026-02-15T03:21:54.187412
3RIMG_24JAN2026_0715_L2B_OLR_V01R00.h5,2816,2805,-193.12380981445312,601.6944580078125,-999.0,347.64520263671875,49.43159030140982,54.70046386323124,62.11156518392481,13709235.0,2026-02-15T03:21:54.364421
3RIMG_24JAN2026_0745_L2B_OLR_V01R00.h5,2816,2805,-192.89373779296875,601.7473754882812,-999.0,343.8358459472656,49.47517875952034,54.762877775076966,62.144696463296064,13709265.0,2026-02-15T03:21:54.550687
3RIMG_24JAN2026_0815_L2B_OLR_V01R00.h5,2816,2805,-193.0997314453125,601.920654296875,-999.0,346.38031005859375,49.48791474234322,54.81022625992546,62.23721590909091,13709295.0,2026-02-15T03:21:54.734636
3RIMG_24JAN2026_0845_L2B_OLR_V01R00.h5,2816,2805,-193.1383819580078,601.9183959960938,-999.0,349.68792724609375,49.6045895114244,54.85884074704261,62.32520306676389,13709325.0,2026-02-15T03:21:54.914688
3RIMG_24JAN2026_0915_L2B_OLR_V01R00 (1).h5,2816,2805,-193.2549285888672,601.8016967773438,-999.0,354.6353454589844,49.77649995948793,55.008608815426996,62.46724852130935,13709355.0,2026-02-15T03:21:55.095337
3RIMG_24JAN2026_0915_L2B_OLR_V01R00.h5,2816,2805,-193.2549285888672,601.8016967773438,-999.0,354.6353454589844,49.77649995948793,55.008608815426996,62.46724852130935,13709355.0,2026-02-15T03:21:55.274252
3RIMG_24JAN2026_0945_L2B_OLR_V01R00.h5,2816,2805,-193.34014892578125,601.6873168945312,-999.0,355.3931884765625,49.95344909658078,55.19025482093664,62.62648628666343,13709385.0,2026-02-15T03:21:55.450875
3RIMG_24JAN2026_1015_L2B_OLR_V01R00.h5,2816,2805,-193.46044921875,601.3898315429688,-999.0,358.2507019042969,50.182633487279205,55.48144800275482,62.902449461189434,13709415.0,2026-02-15T03:21:55.643538
3RIMG_24JAN2026_1045_L2B_OLR_V01R00.h5,2816,2805,-193.98153686523438,601.0763549804688,-999.0,357.79351806640625,50.43161815345974,55.82951000648193,63.26526039134662,13709445.0,2026-02-15T03:21:55.825294
3RIMG_24JAN2026_1115_L2B_OLR_V01R00.h5,2816,2805,-194.3648681640625,600.7543334960938,-999.0,358.82818603515625,50.63658392075838,56.07845669259439,63.58833151029006,13709475.0,2026-02-15T03:21:56.008202
3RIMG_24JAN2026_1145_L2B_OLR_V01R00.h5,2816,2805,-194.8734588623047,600.4611206054688,-999.0,357.7745666503906,50.87516204829039,56.35293864446606,63.96570146653703,13709505.0,2026-02-15T03:21:56.189235
3RIMG_24JAN2026_1215_L2B_OLR_V01R00.h5,2816,2805,-195.36912536621094,600.1793212890625,-999.0,358.0570983886719,51.05161744449846,56.55724609058499,64.32565123156701,13709535.0,2026-02-15T03:21:56.375892
3RIMG_24JAN2026_1245_L2B_OLR_V01R00.h5,2816,2805,-195.63861083984375,599.9193725585938,-999.0,357.3238830566406,51.19766346621293,56.76323731972127,64.66129375303841,13709565.0,2026-02-15T03:21:56.557495
3RIMG_24JAN2026_1315_L2B_OLR_V01R00.h5,2816,2805,-195.87913513183594,599.6259155273438,-999.0,353.9737548828125,51.36097775887214,56.92557679063361,64.91708951142441,13709595.0,2026-02-15T03:21:56.746041
3RIMG_24JAN2026_1345_L2B_OLR_V01R00.h5,2816,2805,-196.48709106445312,599.3736572265625,-999.0,350.2286682128906,51.55375192432344,57.177574542213584,65.28788891589694,13709625.0,2026-02-15T03:21:56.932082
3RIMG_24JAN2026_1415_L2B_OLR_V01R00.h5,2816,2805,-196.7947998046875,598.8921508789062,-999.0,347.193603515625,51.744728366553225,57.41407642602495,65.68942685545292,13709655.0,2026-02-15T03:21:57.120479
3RIMG_24JAN2026_1445_L2B_OLR_V01R00.h5,2816,2805,-197.46054077148438,598.3575439453125,-999.0,343.67730712890625,52.006297095284395,57.78230584589208,66.25012660022686,13709685.0,2026-02-15T03:21:57.308919
3RIMG_24JAN2026_1515_L2B_OLR_V01R00.h5,2816,2805,-197.89456176757812,597.9021606445312,-999.0,338.9306335449219,52.200666423594235,58.073511687732946,66.69322739426349,13709715.0,2026-02-15T03:21:57.494109
3RIMG_24JAN2026_1545_L2B_OLR_V01R00.h5,2816,2805,-198.47018432617188,597.5179443359375,-999.0,332.9189758300781,52.39926419948144,58.34984200291687,67.09874058094312,13709745.0,2026-02-15T03:21:57.680765
3RIMG_24JAN2026_1615_L2B_OLR_V01R00.h5,2816,2805,-199.2862091064453,597.0452270507812,-999.0,325.7874450683594,52.65589551936477,58.715830598768434,67.62442270296548,13709775.0,2026-02-15T03:21:57.866941
3RIMG_24JAN2026_1645_L2B_OLR_V01R00.h5,2816,2805,-201.06341552734375,596.7002563476562,-999.0,320.5881042480469,53.052382109868745,59.17095841435748,68.33696675984443,13709805.0,2026-02-15T03:21:58.049374
3RIMG_24JAN2026_1715_L2B_OLR_V01R00.h5,2816,2805,-201.11134338378906,596.6810913085938,-999.0,316.46728515625,53.01612380489386,59.16260279938421,68.37013601928375,13709835.0,2026-02-15T03:21:58.239329
3RIMG_24JAN2026_1745_L2B_OLR_V01R00.h5,2816,2805,-200.3714599609375,596.9832763671875,-999.0,314.16766357421875,52.7993082563604,58.88548756279371,67.9379608248258,13709865.0,2026-02-15T03:21:58.420915
3RIMG_24JAN2026_1815_L2B_OLR_V01R00.h5,2816,2805,-199.5757598876953,596.8485107421875,-999.0,314.26531982421875,52.726968886728244,58.808742505266565,67.92203451628586,13709895.0,2026-02-15T03:21:58.600272
3RIMG_24JAN2026_1845_L2B_OLR_V01R00.h5,2816,2805,-199.4739227294922,596.8319702148438,-999.0,313.1931457519531,52.67149266731486,58.828833961270455,68.0599781234808,13709925.0,2026-02-15T03:21:58.786025
3RIMG_24JAN2026_1915_L2B_OLR_V01R00.h5,2816,2805,-199.87489318847656,596.4728393554688,-999.0,312.1376647949219,52.84168135229298,59.04343400583374,68.64141498541565,13709955.0,2026-02-15T03:21:58.966004
3RIMG_24JAN2026_1945_L2B_OLR_V01R00.h5,2816,2805,-200.4021453857422,596.0399780273438,-999.0,310.3325500488281,53.06270002835846,59.35109787716739,69.36750526656944,13709985.0,2026-02-15T03:21:59.145418
3RIMG_24JAN2026_2015_L2B_OLR_V01R00.h5,2816,2805,-200.8455047607422,595.6595458984375,-999.0,310.7092590332031,53.225444619996765,59.70342630853994,69.9421436963215,13710015.0,2026-02-15T03:21:59.332167
3RIMG_24JAN2026_2045_L2B_OLR_V01R00.h5,2816,2805,-200.96286010742188,595.5269165039062,-999.0,308.0267639160156,53.2868963701183,59.78600763652568,70.13376579970831,13710045.0,2026-02-15T03:21:59.524224
3RIMG_24JAN2026_2115_L2B_OLR_V01R00.h5,2816,2805,-200.9287872314453,595.3582153320312,-999.0,307.3623352050781,53.26955213903744,59.850054691298006,70.44606323934532,13710075.0,2026-02-15T03:21:59.708505
3RIMG_24JAN2026_2145_L2B_OLR_V01R00.h5,2816,2805,-201.31982421875,595.2717895507812,-999.0,306.8908386230469,53.31367231810079,60.00677311213741,70.79341628180198,13710105.0,2026-02-15T03:21:59.892639
3RIMG_24JAN2026_2215_L2B_OLR_V01R00.h5,2816,2805,-201.50848388671875,595.2447509765625,-999.0,305.6805725097656,53.28764331145681,60.08840493842165,70.98265830092367,13710135.0,2026-02-15T03:22:00.082056
3RIMG_24JAN2026_2245_L2B_OLR_V01R00.h5,2816,2805,-200.94851684570312,595.3018798828125,-999.0,305.6468505859375,53.04601411845729,59.8797930845892,70.92920768514017,13710165.0,2026-02-15T03:22:00.268400
3RIMG_24JAN2026_2315_L2B_OLR_V01R00.h5,2816,2805,-200.963134765625,595.5181884765625,-999.0,304.5958557128906,52.94263237319722,59.73310140171771,70.76103194376925,13710195.0,2026-02-15T03:22:00.446026
3RIMG_24JAN2026_2345_L2B_OLR_V01R00.h5,2816,2805,-200.53448486328125,595.7283325195312,-999.0,309.3146667480469,52.73645124372063,59.4449972654351,70.51208525765679,13710225.0,2026-02-15T03:22:00.632137
3RIMG_25JAN2026_0015_L2B_OLR_V01R00.h5,2816,2805,-200.3222198486328,595.9967041015625,-999.0,316.7536315917969,52.58313836898396,59.159121293145354,70.2646830943121,13710255.0,2026-02-15T03:22:00.812335
3RIMG_25JAN2026_0045_L2B_OLR_V01R00.h5,2816,2805,-199.81076049804688,596.2264404296875,-999.0,323.32537841796875,52.39411157024794,58.872067938745744,69.91769719251337,13710285.0,2026-02-15T03:22:00.994554
3RIMG_25JAN2026_0115_L2B_OLR_V01R00.h5,2816,2805,-199.62722778320312,596.6453857421875,-999.0,329.481201171875,52.222656883001136,58.53646339734241,69.39033128747367,13710315.0,2026-02-15T03:22:01.177796
3RIMG_25JAN2026_0145_L2B_OLR_V01R00.h5,2816,2805,-198.95938110351562,596.9072265625,-999.0,335.7013244628906,51.97738160346783,58.289529654837146,68.94405282774267,13710345.0,2026-02-15T03:22:01.361759
3RIMG_25JAN2026_0215_L2B_OLR_V01R00.h5,2816,2805,-198.64630126953125,597.1793823242188,-999.0,339.9245300292969,51.79740672095284,58.179792578188305,68.64958070004862,13710375.0,2026-02-15T03:22:01.543663
3RIMG_25JAN2026_0245_L2B_OLR_V01R00.h5,2816,2805,-198.15396118164062,597.5587768554688,-999.0,344.3331604003906,51.417454120077785,57.97921983876195,68.20745472775887,13710405.0,2026-02-15T03:22:01.722817
3RIMG_25JAN2026_0315_L2B_OLR_V01R00.h5,2816,2805,-197.93556213378906,598.0259399414062,-999.0,348.88165283203125,51.086571767136604,57.69729379355047,67.76793672014261,13710435.0,2026-02-15T03:22:01.898493
3RIMG_25JAN2026_0345_L2B_OLR_V01R00.h5,2816,2805,-197.1543731689453,598.5166625976562,-999.0,350.7923278808594,50.74304205153136,57.248432689191375,67.03503534678335,13710465.0,2026-02-15T03:22:02.076718
3RIMG_25JAN2026_0415_L2B_OLR_V01R00.h5,2816,2805,-196.27711486816406,598.9681396484375,-999.0,352.216552734375,50.47042112299466,56.849186213741696,66.31457877572517,13710495.0,2026-02-15T03:22:02.249593
3RIMG_25JAN2026_0445_L2B_OLR_V01R00.h5,2816,2805,-195.63609313964844,599.4042358398438,-999.0,353.2095031738281,50.26002420596337,56.53439474963539,65.71324035812673,13710525.0,2026-02-15T03:22:02.424904
3RIMG_25JAN2026_0515_L2B_OLR_V01R00.h5,2816,2805,-195.11599731445312,600.0640869140625,-999.0,353.2229919433594,50.02277538081348,56.169191075190405,64.9854662939556,13710555.0,2026-02-15T03:22:02.600793
3RIMG_25JAN2026_0545_L2B_OLR_V01R00.h5,2816,2805,-194.39356994628906,600.455810546875,-999.0,353.44244384765625,49.86508213822719,55.90882504861449,64.43918631502189,13710585.0,2026-02-15T03:22:02.781785
3RIMG_25JAN2026_0615_L2B_OLR_V01R00.h5,2816,2805,-194.04974365234375,600.8801879882812,-999.0,352.7113037109375,49.841357255712204,55.74363707259763,64.00289661319073,13710615.0,2026-02-15T03:22:02.966054
3RIMG_25JAN2026_0645_L2B_OLR_V01R00.h5,2816,2805,-193.85540771484375,601.2122192382812,-999.0,349.1993103027344,49.8164043509966,55.69465544482256,63.72694609868741,13710645.0,2026-02-15T03:22:03.148744
3RIMG_25JAN2026_0715_L2B_OLR_V01R00.h5,2816,2805,-193.3206024169922,601.2916259765625,-999.0,346.2800598144531,49.92388794360719,55.72358359666181,63.549908341435746,13710675.0,2026-02-15T03:22:03.329568
3RIMG_25JAN2026_0745_L2B_OLR_V01R00.h5,2816,2805,-193.1639862060547,601.4832153320312,-999.0,348.9288635253906,49.974528034354236,55.65716911764705,63.43463883487279,13710705.0,2026-02-15T03:22:03.510022
3RIMG_25JAN2026_0815_L2B_OLR_V01R00.h5,2816,2805,-193.35150146484375,601.6445922851562,-999.0,351.2834777832031,50.11330720304651,55.74842256117323,63.41750982417761,13710735.0,2026-02-15T03:22:03.693196
3RIMG_25JAN2026_0845_L2B_OLR_V01R00.h5,2816,2805,-193.3722381591797,601.6185302734375,-999.0,355.5528259277344,50.25209903176147,55.862476705558265,63.49024165451305,13710765.0,2026-02-15T03:22:03.880407
3RIMG_25JAN2026_0915_L2B_OLR_V01R00.h5,2816,2805,-193.52218627929688,601.5532836914062,-999.0,356.3157958984375,50.39461290714633,56.07498784637822,63.67486276535408,13710795.0,2026-02-15T03:22:04.064068
3RIMG_25JAN2026_0945_L2B_OLR_V01R00.h5,2816,2805,-193.5009765625,601.4608764648438,-999.0,356.7841796875,50.54012720790796,56.25627937125264,63.75470952843948,13710825.0,2026-02-15T03:22:04.246572
3RIMG_25JAN2026_1015_L2B_OLR_V01R00.h5,2816,2805,-193.68528747558594,601.1954956054688,-999.0,359.11517333984375,50.778274894668606,56.57404594069032,63.93920403905364,13710855.0,2026-02-15T03:22:04.429068
3RIMG_25JAN2026_1045_L2B_OLR_V01R00.h5,2816,2805,-194.00595092773438,600.8538208007812,-999.0,358.91619873046875,51.10456165937449,56.930944640252804,64.20945754334791,13710885.0,2026-02-15T03:22:04.610360
3RIMG_25JAN2026_1115_L2B_OLR_V01R00.h5,2816,2805,-194.5986328125,600.5115966796875,-999.0,357.95245361328125,51.511923209366394,57.30882099740723,64.52930035650624,13710915.0,2026-02-15T03:22:04.792971
3RIMG_25JAN2026_1145_L2B_OLR_V01R00.h5,2816,2805,-195.02767944335938,600.3143920898438,-999.0,357.3595886230469,51.75807203046507,57.52948519283747,64.73421548371414,13710945.0,2026-02-15T03:22:04.971505
3RIMG_25JAN2026_1215_L2B_OLR_V01R00.h5,2816,2805,-195.2245330810547,599.9505615234375,-999.0,354.60845947265625,51.96111347431535,57.765341415491825,65.01502744692918,13710975.0,2026-02-15T03:22:05.154472
3RIMG_25JAN2026_1245_L2B_OLR_V01R00.h5,2816,2805,-195.7335205078125,599.7377319335938,-999.0,353.7757263183594,52.15169745584184,57.935568080538005,65.21748652973585,13711005.0,2026-02-15T03:22:05.342563
3RIMG_25JAN2026_1315_L2B_OLR_V01R00.h5,2816,2805,-195.7353515625,599.4558715820312,-999.0,349.8299560546875,52.26630864122509,58.036898902122836,65.38557365094798,13711035.0,2026-02-15T03:22:05.530839
3RIMG_25JAN2026_1345_L2B_OLR_V01R00.h5,2816,2805,-196.42657470703125,599.1636352539062,-999.0,346.8193664550781,52.449195328958034,58.25301814940852,65.73981374574623,13711065.0,2026-02-15T03:22:05.713924
3RIMG_25JAN2026_1415_L2B_OLR_V01R00.h5,2816,2805,-196.88438415527344,598.6793212890625,-999.0,341.7043762207031,52.69488838923999,58.48403824339653,66.21436203613676,13711095.0,2026-02-15T03:22:05.893239
3RIMG_25JAN2026_1445_L2B_OLR_V01R00.h5,2816,2805,-197.43885803222656,598.3103637695312,-999.0,337.7658996582031,52.8905237198185,58.63348981121375,66.55358734402851,13711125.0,2026-02-15T03:22:06.070877
3RIMG_25JAN2026_1515_L2B_OLR_V01R00.h5,2816,2805,-198.12159729003906,597.8106689453125,-999.0,332.598876953125,53.110061173229624,58.920783706044396,67.12880813482418,13711155.0,2026-02-15T03:22:06.250740
3RIMG_25JAN2026_1545_L2B_OLR_V01R00.h5,2816,2805,-198.42042541503906,597.4514770507812,-999.0,328.1471252441406,53.19114861853832,59.08098363312268,67.49834153702804,13711185.0,2026-02-15T03:22:06.430653
3RIMG_25JAN2026_1615_L2B_OLR_V01R00.h5,2816,2805,-199.47988891601562,597.0108032226562,-999.0,322.9399719238281,53.53836240074542,59.45278317938746,68.16939869956246,13711215.0,2026-02-15T03:22:06.614181
3RIMG_25JAN2026_1645_L2B_OLR_V01R00.h5,2816,2805,-201.81712341308594,596.9437255859375,-999.0,316.23065185546875,53.91968228407066,59.8694751660995,69.00137741046832,13711245.0,2026-02-15T03:22:06.798752
3RIMG_25JAN2026_1715_L2B_OLR_V01R00.h5,2816,2805,-201.88294982910156,596.8756103515625,-999.0,312.9142761230469,53.99179377329444,59.91541838842976,69.04444680764867,13711275.0,2026-02-15T03:22:06.979795
3RIMG_25JAN2026_1745_L2B_OLR_V01R00.h5,2816,2805,-200.93228149414062,596.985107421875,-999.0,313.452880859375,53.80195673310647,59.74187479743964,68.67610344757738,13711305.0,2026-02-15T03:22:07.160915
3RIMG_25JAN2026_1815_L2B_OLR_V01R00.h5,2816,2805,-200.15127563476562,596.818603515625,-999.0,311.7476501464844,53.751354622427485,59.69291848970993,68.64589663344677,13711335.0,2026-02-15T03:22:07.337692
3RIMG_25JAN2026_1845_L2B_OLR_V01R00.h5,2816,2805,-199.81936645507812,596.614990234375,-999.0,311.41998291015625,53.73509915329768,59.77517065710581,68.73104794603792,13711365.0,2026-02-15T03:22:07.518002
3RIMG_25JAN2026_1945_L2B_OLR_V01R00.h5,2816,2805,-200.87863159179688,595.7076416015625,-999.0,309.2872314453125,54.24620958920758,60.42066723383568,70.17398669178415,13711425.0,2026-02-15T03:22:07.700434
3RIMG_25JAN2026_2015_L2B_OLR_V01R00.h5,2816,2805,-201.2086639404297,595.4254760742188,-999.0,308.06500244140625,54.31681453573165,60.59651494895479,70.6711837627613,13711455.0,2026-02-15T03:22:07.879952
3RIMG_25JAN2026_2045_L2B_OLR_V01R00.h5,2816,2805,-201.22938537597656,595.1709594726562,-999.0,307.390625,54.40200382839087,60.66603113352779,70.91431949846054,13711485.0,2026-02-15T03:22:08.059483
3RIMG_25JAN2026_2115_L2B_OLR_V01R00.h5,2816,2805,-201.3107147216797,595.1091918945312,-999.0,307.4212341308594,54.41696797520661,60.681058580456984,70.99826810889645,13711515.0,2026-02-15T03:22:08.239487
3RIMG_25JAN2026_2145_L2B_OLR_V01R00.h5,2816,2805,-201.7330322265625,595.0150146484375,-999.0,307.00244140625,54.49444731404959,60.82281285448063,71.25484878868903,13711545.0,2026-02-15T03:22:08.421501
3RIMG_25JAN2026_2215_L2B_OLR_V01R00.h5,2816,2805,-201.89276123046875,594.9243774414062,-999.0,306.6563720703125,54.53175640090747,60.9030773983147,71.3562429103873,13711575.0,2026-02-15T03:22:08.603232
3RIMG_25JAN2026_2245_L2B_OLR_V01R00.h5,2816,2805,-201.65390014648438,595.0233154296875,-999.0,306.6407165527344,54.3997630043753,60.7329646734727,71.16289904391509,13711605.0,2026-02-15T03:22:08.781772
3RIMG_25JAN2026_2315_L2B_OLR_V01R00.h5,2816,2805,-201.4371795654297,595.2540283203125,-999.0,307.649658203125,54.234423108086204,60.51920019040674,70.75276494895479,13711635.0,2026-02-15T03:22:08.961349
3RIMG_25JAN2026_2345_L2B_OLR_V01R00.h5,2816,2805,-200.88525390625,595.3999633789062,-999.0,308.2307434082031,54.0424212040188,60.28309076729865,70.45962212364284,13711665.0,2026-02-15T03:22:09.145485
3RIMG_26JAN2026_0015_L2B_OLR_V01R00.h5,2816,2805,-200.8019256591797,595.7156982421875,-999.0,310.490234375,53.87211857883649,60.08358146977799,70.12061203613676,13711695.0,2026-02-15T03:22:09.332307
3RIMG_26JAN2026_0045_L2B_OLR_V01R00.h5,2816,2805,-200.32403564453125,595.9571533203125,-999.0,316.31787109375,53.54303394911683,59.86054985010533,69.75101533381948,13711725.0,2026-02-15T03:22:09.515777
3RIMG_26JAN2026_0115_L2B_OLR_V01R00.h5,2816,2805,-199.95489501953125,596.3707275390625,-999.0,322.4530944824219,53.21483552098525,59.55456976178901,69.28388581672338,13711755.0,2026-02-15T03:22:09.699501
3RIMG_26JAN2026_0145_L2B_OLR_V01R00.h5,2816,2805,-199.223876953125,596.6102905273438,-999.0,327.0119934082031,52.874293570734075,59.271858795170964,68.89733734402851,13711785.0,2026-02-15T03:22:09.880600
3RIMG_26JAN2026_0215_L2B_OLR_V01R00.h5,2816,2805,-198.833984375,597.0047607421875,-999.0,331.9808044433594,52.58158118619348,58.93543135229299,68.55012356182142,13711815.0,2026-02-15T03:22:10.062134
3RIMG_26JAN2026_0245_L2B_OLR_V01R00.h5,2816,2805,-198.25001525878906,597.3812866210938,-999.0,336.0882873535156,52.17381451547561,58.6098155687895,68.17188006400907,13711845.0,2026-02-15T03:22:10.243051
3RIMG_26JAN2026_0315_L2B_OLR_V01R00.h5,2816,2805,-198.04803466796875,597.8685913085938,-999.0,341.4013977050781,51.69507575757576,58.31210247528763,67.74176845324907,13711875.0,2026-02-15T03:22:10.423324
3RIMG_26JAN2026_0345_L2B_OLR_V01R00.h5,2816,2805,-197.182373046875,598.3079833984375,-999.0,344.4333190917969,51.16344342489062,57.94777234240803,67.08053546831955,13711905.0,2026-02-15T03:22:10.604742
3RIMG_26JAN2026_0415_L2B_OLR_V01R00.h5,2816,2805,-196.4966583251953,598.8276977539062,-999.0,347.1079406738281,50.711151454383405,57.389009581105164,66.40273051369307,13711935.0,2026-02-15T03:22:10.784328
3RIMG_26JAN2026_0445_L2B_OLR_V01R00.h5,2816,2805,-195.89488220214844,599.316162109375,-999.0,348.5027160644531,50.441265090747045,56.86160569599741,65.75580335439962,13711965.0,2026-02-15T03:22:10.970246
3RIMG_26JAN2026_0515_L2B_OLR_V01R00.h5,2816,2805,-195.26602172851562,600.0162353515625,-999.0,348.3792724609375,50.109420576081675,56.33123936558094,64.95229703451628,13711995.0,2026-02-15T03:22:11.149915
3RIMG_26JAN2026_0545_L2B_OLR_V01R00.h5,2816,2805,-194.36122131347656,600.4868774414062,-999.0,348.85955810546875,49.90684755307082,55.95424921001458,64.21244530870199,13712025.0,2026-02-15T03:22:11.328441
3RIMG_26JAN2026_0615_L2B_OLR_V01R00.h5,2816,2805,-193.99598693847656,601.0092163085938,-999.0,347.1746826171875,49.76616938097553,55.67675417274348,63.56351786582402,13712055.0,2026-02-15T03:22:11.516809
3RIMG_26JAN2026_0645_L2B_OLR_V01R00.h5,2816,2805,-193.57125854492188,601.2073364257812,-999.0,344.09539794921875,49.74254577864203,55.61602404391509,63.27645185140172,13712085.0,2026-02-15T03:22:11.714925
3RIMG_26JAN2026_0715_L2B_OLR_V01R00.h5,2816,2805,-193.14276123046875,601.4171752929688,-999.0,342.5911865234375,49.80947931858694,55.62415177847999,63.14464835520985,13712115.0,2026-02-15T03:22:11.899508
3RIMG_26JAN2026_0745_L2B_OLR_V01R00.h5,2816,2805,-192.94223022460938,601.6602172851562,-999.0,346.50909423828125,49.854827519850915,55.631937692432345,62.99086705963377,13712145.0,2026-02-15T03:22:12.085213
3RIMG_26JAN2026_0815_L2B_OLR_V01R00 (1).h5,2816,2805,-193.05198669433594,601.73095703125,-999.0,350.3069763183594,50.02413000324096,55.82104045130449,63.113808539944905,13712175.0,2026-02-15T03:22:12.265408
3RIMG_26JAN2026_0815_L2B_OLR_V01R00.h5,2816,2805,-193.05198669433594,601.73095703125,-999.0,350.3069763183594,50.02413000324096,55.82104045130449,63.113808539944905,13712175.0,2026-02-15T03:22:12.443038
3RIMG_26JAN2026_0845_L2B_OLR_V01R00.h5,2816,2805,-193.10931396484375,601.722412109375,-999.0,352.5509033203125,50.22336078026252,56.03265273051369,63.24982782369146,13712205.0,2026-02-15T03:22:12.627238
3RIMG_26JAN2026_0915_L2B_OLR_V01R00.h5,2816,2805,-193.34576416015625,601.5164794921875,-999.0,352.86956787109375,50.50075453735213,56.4105544077135,63.62448853508346,13712235.0,2026-02-15T03:22:12.811586
3RIMG_26JAN2026_0945_L2B_OLR_V01R00.h5,2816,2805,-193.42640686035156,601.3762817382812,-999.0,352.7231140136719,50.759689981364446,56.77501114081996,63.807527143088635,13712265.0,2026-02-15T03:22:12.999888
3RIMG_26JAN2026_1015_L2B_OLR_V01R00.h5,2816,2805,-193.57420349121094,601.086181640625,-999.0,352.1155700683594,51.04388217063685,57.16706672338356,64.08075575271431,13712295.0,2026-02-15T03:22:13.184781
3RIMG_26JAN2026_1045_L2B_OLR_V01R00.h5,2816,2805,-194.42308044433594,600.9208374023438,-999.0,350.79010009765625,51.3722071989953,57.59971033868093,64.4420348201264,13712325.0,2026-02-15T03:22:13.370432
3RIMG_26JAN2026_1115_L2B_OLR_V01R00.h5,2816,2805,-194.74134826660156,600.50146484375,-999.0,351.08624267578125,51.66513480392156,57.90394334386647,64.75914306838439,13712355.0,2026-02-15T03:22:13.556975
3RIMG_26JAN2026_1145_L2B_OLR_V01R00.h5,2816,2805,-195.063720703125,600.221923828125,-999.0,351.4961242675781,51.88211493274996,58.039874007454216,65.02664934775562,13712385.0,2026-02-15T03:22:13.743103
3RIMG_26JAN2026_1215_L2B_OLR_V01R00.h5,2816,2805,-195.37982177734375,600.0645751953125,-999.0,347.5152587890625,51.9797110476422,58.07780343542376,65.21572678658241,13712415.0,2026-02-15T03:22:13.925749
3RIMG_26JAN2026_1245_L2B_OLR_V01R00.h5,2816,2805,-195.81753540039062,599.7560424804688,-999.0,344.4560546875,52.14765890860477,58.18786967266245,65.52989790957704,13712445.0,2026-02-15T03:22:14.106583
3RIMG_26JAN2026_1315_L2B_OLR_V01R00.h5,2816,2805,-195.91836547851562,599.4099731445312,-999.0,341.9762878417969,52.29485699238373,58.287795231729056,65.83592863798413,13712475.0,2026-02-15T03:22:14.287183
3RIMG_26JAN2026_1345_L2B_OLR_V01R00.h5,2816,2805,-196.31100463867188,599.0994262695312,-999.0,337.2466735839844,52.405442290552585,58.37860557446118,66.12586847755631,13712505.0,2026-02-15T03:22:14.467802
3RIMG_26JAN2026_1415_L2B_OLR_V01R00.h5,2816,2805,-196.8831329345703,598.7041015625,-999.0,331.9749755859375,52.54041079241614,58.55083252309188,66.58568050153946,13712535.0,2026-02-15T03:22:14.651643
3RIMG_26JAN2026_1445_L2B_OLR_V01R00.h5,2816,2805,-197.4241180419922,598.2192993164062,-999.0,326.15704345703125,52.66439039458759,58.81844008264463,67.14003757494733,13712565.0,2026-02-15T03:22:14.831382
3RIMG_26JAN2026_1515_L2B_OLR_V01R00.h5,2816,2805,-198.10171508789062,597.7432250976562,-999.0,322.3056945800781,52.837516204829036,59.11526697455842,67.68969777993841,13712595.0,2026-02-15T03:22:15.018360
3RIMG_26JAN2026_1545_L2B_OLR_V01R00.h5,2816,2805,-198.52120971679688,597.3438110351562,-999.0,318.6991882324219,52.980903621779284,59.35449076324745,68.20075757575758,13712625.0,2026-02-15T03:22:15.199450
3RIMG_26JAN2026_1615_L2B_OLR_V01R00.h5,2816,2805,-199.55836486816406,596.8524169921875,-999.0,316.9695739746094,53.24673877815589,59.742862279209206,68.89239993518068,13712655.0,2026-02-15T03:22:15.384311
3RIMG_26JAN2026_1645_L2B_OLR_V01R00.h5,2816,2805,-201.39048767089844,596.5435791015625,-999.0,316.1009216308594,53.60565042132556,60.24474355858046,69.63942989385838,13712685.0,2026-02-15T03:22:15.573721
3RIMG_26JAN2026_1715_L2B_OLR_V01R00.h5,2816,2805,-201.28611755371094,596.3802490234375,-999.0,316.26129150390625,53.598864649165456,60.31971621293145,69.78210834953816,13712715.0,2026-02-15T03:22:15.764793
3RIMG_26JAN2026_1745_L2B_OLR_V01R00.h5,2816,2805,-200.34112548828125,596.6541748046875,-999.0,316.8879089355469,53.29021329606223,59.96937540512073,69.34435008507536,13712745.0,2026-02-15T03:22:15.950022
3RIMG_26JAN2026_1815_L2B_OLR_V01R00.h5,2816,2805,-199.9608917236328,596.7055053710938,-999.0,318.9845886230469,53.23214177199805,59.91015181899206,69.31167456652082,13712775.0,2026-02-15T03:22:16.137763
3RIMG_26JAN2026_1845_L2B_OLR_V01R00.h5,2816,2805,-199.79637145996094,596.568603515625,-999.0,315.862548828125,53.1614355452925,59.94948650947982,69.49101644790147,13712805.0,2026-02-15T03:22:16.322266
3RIMG_26JAN2026_1915_L2B_OLR_V01R00.h5,2816,2805,-200.26771545410156,596.1503295898438,-999.0,314.7627868652344,53.34994328309837,60.3107782369146,70.02552260573651,13712835.0,2026-02-15T03:22:16.508410
3RIMG_26JAN2026_1945_L2B_OLR_V01R00.h5,2816,2805,-200.6577911376953,595.7522583007812,-999.0,313.8538818359375,53.48955801328796,60.56653601523254,70.54845750283584,13712865.0,2026-02-15T03:22:16.692860
3RIMG_26JAN2026_2015_L2B_OLR_V01R00.h5,2816,2805,-200.97036743164062,595.3432006835938,-999.0,313.4305725097656,53.78862572921731,60.94809643898882,71.06882241532976,13712895.0,2026-02-15T03:22:16.878480
3RIMG_26JAN2026_2045_L2B_OLR_V01R00.h5,2816,2805,-201.06842041015625,595.2459716796875,-999.0,313.1308898925781,53.79676612380489,60.95512275157997,71.23598535488576,13712925.0,2026-02-15T03:22:17.059785
3RIMG_26JAN2026_2115_L2B_OLR_V01R00.h5,2816,2805,-200.96649169921875,595.0640869140625,-999.0,313.5945129394531,53.804260857235455,61.02190437125263,71.44184998379517,13712955.0,2026-02-15T03:22:17.245086
3RIMG_26JAN2026_2145_L2B_OLR_V01R00.h5,2816,2805,-201.33631896972656,595.0888671875,-999.0,313.3407287597656,53.81925032409658,61.00077479338844,71.58708576405769,13712985.0,2026-02-15T03:22:17.430567
3RIMG_26JAN2026_2215_L2B_OLR_V01R00.h5,2816,2805,-201.4685821533203,595.1737060546875,-999.0,312.07635498046875,53.72997184410955,60.9070020053476,71.65756411035488,13713015.0,2026-02-15T03:22:17.616649
3RIMG_26JAN2026_2245_L2B_OLR_V01R00.h5,2816,2805,-201.24996948242188,595.2195434570312,-999.0,312.3091125488281,53.56432810727597,60.69333880246314,71.58816186598607,13713045.0,2026-02-15T03:22:17.799765
3RIMG_26JAN2026_2315_L2B_OLR_V01R00.h5,2816,2805,-200.86207580566406,595.4662475585938,-999.0,314.1022644042969,53.320141589693726,60.2496809674283,71.24008720223627,13713075.0,2026-02-15T03:22:17.982084
3RIMG_26JAN2026_2345_L2B_OLR_V01R00.h5,2816,2805,-200.3983917236328,595.771484375,-999.0,318.1147766113281,53.06195308701993,59.92210288040836,70.89421538243397,13713105.0,2026-02-15T03:22:18.170478
3RIMG_27JAN2026_0015_L2B_OLR_V01R00.h5,2816,2805,-200.0191650390625,595.950439453125,-999.0,324.0418395996094,52.83474365986064,59.63673330902609,70.63527993842165,13713135.0,2026-02-15T03:22:18.355207
3RIMG_27JAN2026_0045_L2B_OLR_V01R00.h5,2816,2805,-199.7528076171875,596.3896484375,-999.0,329.92510986328125,52.51087495948793,59.26884570977151,70.13143635553395,13713165.0,2026-02-15T03:22:18.536235
3RIMG_27JAN2026_0115_L2B_OLR_V01R00.h5,2816,2805,-199.24822998046875,596.8198852539062,-999.0,336.6855163574219,52.17264979338842,58.87991715281154,69.6467727070167,13713195.0,2026-02-15T03:22:18.718265
3RIMG_27JAN2026_0145_L2B_OLR_V01R00.h5,2816,2805,-198.48724365234375,597.09228515625,-999.0,341.39129638671875,51.77189677523902,58.562986144871175,69.18772028439474,13713225.0,2026-02-15T03:22:18.898910
3RIMG_27JAN2026_0215_L2B_OLR_V01R00.h5,2816,2805,-198.1732177734375,597.541748046875,-999.0,346.54815673828125,51.22823742100145,58.18835075352455,68.72994652406416,13713255.0,2026-02-15T03:22:19.092661
3RIMG_27JAN2026_0245_L2B_OLR_V01R00.h5,2816,2805,-197.901123046875,597.9406127929688,-999.0,352.0601806640625,50.81417871900826,57.82399530059957,68.32539549910874,13713285.0,2026-02-15T03:22:19.276577
3RIMG_27JAN2026_0315_L2B_OLR_V01R00.h5,2816,2805,-197.3909149169922,598.2772216796875,-999.0,355.2845153808594,50.49682993031923,57.30474447010209,67.84661876114082,13713315.0,2026-02-15T03:22:19.455884
3RIMG_27JAN2026_0345_L2B_OLR_V01R00.h5,2816,2805,-196.6825408935547,598.8445434570312,-999.0,359.2213134765625,50.14973008831631,56.60021420758387,66.88260867363475,13713345.0,2026-02-15T03:22:19.634411
3RIMG_27JAN2026_0415_L2B_OLR_V01R00.h5,2816,2805,-195.64251708984375,599.3931884765625,-999.0,362.61810302734375,49.796186294765846,55.943931291524876,65.95198306595366,13713375.0,2026-02-15T03:22:19.816335
3RIMG_27JAN2026_0445_L2B_OLR_V01R00.h5,2816,2805,-195.2635040283203,599.8377685546875,-999.0,365.4999084472656,49.59003048533463,55.596413668773295,65.40261404148437,13713405.0,2026-02-15T03:22:19.999450
3RIMG_27JAN2026_0515_L2B_OLR_V01R00.h5,2816,2805,-194.95907592773438,600.3209228515625,-999.0,366.4420166015625,49.423095426187004,55.32632474477395,64.80355442796953,13713435.0,2026-02-15T03:22:20.187283
3RIMG_27JAN2026_0545_L2B_OLR_V01R00.h5,2816,2805,-193.8583526611328,600.842041015625,-999.0,368.1240539550781,49.21402781153784,54.98082006562955,63.734301571868414,13713465.0,2026-02-15T03:22:20.376778
3RIMG_27JAN2026_0615_L2B_OLR_V01R00.h5,2816,2805,-193.53941345214844,601.3425903320312,-999.0,368.6240234375,49.10768362096905,54.81992383730352,62.94919026494895,13713495.0,2026-02-15T03:22:20.557896
3RIMG_27JAN2026_0645_L2B_OLR_V01R00.h5,2816,2805,-193.0057830810547,601.6121826171875,-999.0,365.7763366699219,49.07410924080376,54.73667152811538,62.59615287230594,13713525.0,2026-02-15T03:22:20.740573
3RIMG_27JAN2026_0715_L2B_OLR_V01R00.h5,2816,2805,-192.69552612304688,601.7447509765625,-999.0,362.555419921875,49.11345659131421,54.75929498865661,62.482187348079734,13713555.0,2026-02-15T03:22:20.921098
3RIMG_27JAN2026_0745_L2B_OLR_V01R00.h5,2816,2805,-192.57313537597656,601.9508056640625,-999.0,359.2203063964844,49.19437945632799,54.79016012396695,62.483326750121535,13713585.0,2026-02-15T03:22:21.101251
3RIMG_27JAN2026_0815_L2B_OLR_V01R00.h5,2816,2805,-192.71217346191406,601.9783325195312,-999.0,354.63690185546875,49.29012720790796,54.93519334386647,62.61911815345973,13713615.0,2026-02-15T03:22:21.279838
3RIMG_27JAN2026_0845_L2B_OLR_V01R00.h5,2816,2805,-192.919677734375,601.9359130859375,-999.0,350.57171630859375,49.46731688543186,55.131537635715446,62.85787352130935,13713645.0,2026-02-15T03:22:21.456598
3RIMG_27JAN2026_0915_L2B_OLR_V01R00.h5,2816,2805,-192.93162536621094,601.7417602539062,-999.0,346.0891418457031,49.67454879679145,55.39824633365743,63.09827469210825,13713675.0,2026-02-15T03:22:21.632629
3RIMG_27JAN2026_0945_L2B_OLR_V01R00.h5,2816,2805,-193.49195861816406,601.4686889648438,-999.0,347.98492431640625,49.976376397666506,55.84235992950899,63.37283260411603,13713705.0,2026-02-15T03:22:21.815698
3RIMG_27JAN2026_1015_L2B_OLR_V01R00.h5,2816,2805,-193.50514221191406,601.2095336914062,-999.0,347.59527587890625,50.232159496029816,56.24920241857073,63.5041550194458,13713735.0,2026-02-15T03:22:21.997369
3RIMG_27JAN2026_1115_L2B_OLR_V01R00.h5,2816,2805,-194.83544921875,600.6046142578125,-999.0,347.5611267089844,51.01020651029007,57.00879111975369,64.03125506400907,13713795.0,2026-02-15T03:22:22.182091
3RIMG_27JAN2026_1145_L2B_OLR_V01R00.h5,2816,2805,-195.15621948242188,600.24755859375,-999.0,346.6630859375,51.34348160751904,57.2858050761627,64.2095588235294,13713825.0,2026-02-15T03:22:22.364561
3RIMG_27JAN2026_1215_L2B_OLR_V01R00.h5,2816,2805,-195.3403778076172,599.9385986328125,-999.0,346.31219482421875,51.58036329201102,57.49329018797602,64.42728589369632,13713855.0,2026-02-15T03:22:22.548578
3RIMG_27JAN2026_1245_L2B_OLR_V01R00.h5,2816,2805,-195.7772216796875,599.5479736328125,-999.0,345.8371887207031,51.82951253848647,57.688811578350354,64.72366968481607,13713885.0,2026-02-15T03:22:22.741304
3RIMG_27JAN2026_1315_L2B_OLR_V01R00.h5,2816,2805,-196.16346740722656,599.2885131835938,-999.0,343.8273620605469,52.00789225814293,57.83349031761465,64.94489092124454,13713915.0,2026-02-15T03:22:22.929352
3RIMG_27JAN2026_1345_L2B_OLR_V01R00.h5,2816,2805,-196.8306427001953,598.9493408203125,-999.0,336.5335998535156,52.23538020580133,58.0108192553881,65.27211452762923,13713945.0,2026-02-15T03:22:23.113592
3RIMG_27JAN2026_1415_L2B_OLR_V01R00.h5,2816,2805,-197.298828125,598.5309448242188,-999.0,331.6705017089844,52.4510436922703,58.19951689353427,65.51203461756604,13713975.0,2026-02-15T03:22:23.298521
3RIMG_27JAN2026_1445_L2B_OLR_V01R00.h5,2816,2805,-198.15162658691406,597.9852294921875,-999.0,327.27972412109375,52.680240742991415,58.51463751823043,65.99486256279371,13714005.0,2026-02-15T03:22:23.493870
3RIMG_27JAN2026_1515_L2B_OLR_V01R00.h5,2816,2805,-198.56161499023438,597.5669555664062,-999.0,324.0505676269531,52.79445946767136,58.6749387254902,66.35281204423919,13714035.0,2026-02-15T03:22:23.670953
3RIMG_27JAN2026_1545_L2B_OLR_V01R00.h5,2816,2805,-199.04156494140625,597.1771850585938,-999.0,319.4762268066406,52.97059836331227,58.84578573164803,66.74544998784638,13714065.0,2026-02-15T03:22:23.853945
3RIMG_27JAN2026_1615_L2B_OLR_V01R00.h5,2816,2805,-200.3525390625,596.7968139648438,-999.0,318.5547790527344,53.32173675255226,59.221649145195265,67.36674060119915,13714095.0,2026-02-15T03:22:24.039177
3RIMG_27JAN2026_1645_L2B_OLR_V01R00.h5,2816,2805,-202.71449279785156,596.6491088867188,-999.0,315.3231506347656,53.75307638551289,59.662901575919626,68.18136242100145,13714125.0,2026-02-15T03:22:24.224156
3RIMG_27JAN2026_1715_L2B_OLR_V01R00.h5,2816,2805,-202.77850341796875,596.6886596679688,-999.0,314.7113037109375,53.69963842975206,59.653102718360074,68.14780070085885,13714155.0,2026-02-15T03:22:24.408261
3RIMG_27JAN2026_1745_L2B_OLR_V01R00.h5,2816,2805,-201.3371124267578,596.8196411132812,-999.0,316.6717834472656,53.34130914762599,59.29755864122509,67.6324491573489,13714185.0,2026-02-15T03:22:24.591254
3RIMG_27JAN2026_1815_L2B_OLR_V01R00.h5,2816,2805,-200.6029052734375,596.7447509765625,-999.0,318.1429138183594,53.25527163344677,59.15734888996921,67.4523729946524,13714215.0,2026-02-15T03:22:24.769698
3RIMG_27JAN2026_1845_L2B_OLR_V01R00.h5,2816,2805,-200.23135375976562,596.4926147460938,-999.0,317.7419738769531,53.16016954302382,59.17186993599093,67.65621201993194,13714245.0,2026-02-15T03:22:24.952677
3RIMG_27JAN2026_1915_L2B_OLR_V01R00.h5,2816,2805,-200.71449279785156,596.0288696289062,-999.0,317.9965515136719,53.350462344028514,59.473836797115545,68.37693445146654,13714275.0,2026-02-15T03:22:25.134879
3RIMG_27JAN2026_1945_L2B_OLR_V01R00.h5,2816,2805,-201.26028442382812,595.5545654296875,-999.0,317.38873291015625,53.59191429671042,59.840103913466216,69.07481820207421,13714305.0,2026-02-15T03:22:25.316672
3RIMG_27JAN2026_2015_L2B_OLR_V01R00.h5,2816,2805,-201.5205841064453,595.4026489257812,-999.0,318.51806640625,53.56656893129153,59.94321979824988,69.41509429184897,13714335.0,2026-02-15T03:22:25.502406
3RIMG_27JAN2026_2045_L2B_OLR_V01R00.h5,2816,2805,-201.64369201660156,594.953125,-999.0,317.45831298828125,53.8231496110841,60.31900725166099,69.98658037595203,13714365.0,2026-02-15T03:22:25.685388
3RIMG_27JAN2026_2115_L2B_OLR_V01R00.h5,2816,2805,-201.6654815673828,594.8173828125,-999.0,317.0380554199219,53.835923573975045,60.35912686355533,70.11647220871819,13714395.0,2026-02-15T03:22:25.865750
3RIMG_27JAN2026_2145_L2B_OLR_V01R00.h5,2816,2805,-202.2078399658203,594.7958984375,-999.0,316.386962890625,53.90122397099335,60.49096833981527,70.35655687894993,13714425.0,2026-02-15T03:22:26.042036
3RIMG_27JAN2026_2215_L2B_OLR_V01R00.h5,2816,2805,-202.1532440185547,594.6805419921875,-999.0,315.51251220703125,53.95050943931291,60.50636292740237,70.44645570004862,13714455.0,2026-02-15T03:22:26.222057
3RIMG_27JAN2026_2245_L2B_OLR_V01R00.h5,2816,2805,-201.85223388671875,594.7526245117188,-999.0,316.59246826171875,53.809160286015235,60.37405303030303,70.23170373521309,13714485.0,2026-02-15T03:22:26.406098
3RIMG_27JAN2026_2315_L2B_OLR_V01R00.h5,2816,2805,-201.6461181640625,594.9840087890625,-999.0,317.4207458496094,53.64920089936801,60.12572668530222,69.85457431939717,13714515.0,2026-02-15T03:22:26.586988
3RIMG_27JAN2026_2345_L2B_OLR_V01R00.h5,2816,2805,-201.29771423339844,595.2559204101562,-999.0,323.6190185546875,53.50043297277589,59.89720061578351,69.43931291524873,13714545.0,2026-02-15T03:22:26.768783
3RIMG_28JAN2026_0015_L2B_OLR_V01R00.h5,2816,2805,-200.85293579101562,595.5125122070312,-999.0,329.94598388671875,53.25887973991249,59.609514260249554,69.03072334305624,13714575.0,2026-02-15T03:22:26.956291
3RIMG_28JAN2026_0045_L2B_OLR_V01R00.h5,2816,2805,-200.6245880126953,595.9639282226562,-999.0,338.59881591796875,52.97042112299465,59.29640657916059,68.53128544806353,13714605.0,2026-02-15T03:22:27.137596
3RIMG_28JAN2026_0115_L2B_OLR_V01R00.h5,2816,2805,-199.95822143554688,596.3926391601562,-999.0,345.08282470703125,52.562261991573486,58.88395570004862,67.93090919218928,13714635.0,2026-02-15T03:22:27.320457
3RIMG_28JAN2026_0145_L2B_OLR_V01R00.h5,2816,2805,-199.17587280273438,596.7843627929688,-999.0,352.9277038574219,52.11623673229623,58.496204525198515,67.41921639523578,13714665.0,2026-02-15T03:22:27.501056
3RIMG_28JAN2026_0215_L2B_OLR_V01R00.h5,2816,2805,-198.6885986328125,597.2119140625,-999.0,357.8840026855469,51.636282612218444,58.07334710743801,67.07994044725328,13714695.0,2026-02-15T03:22:27.680358
3RIMG_28JAN2026_0245_L2B_OLR_V01R00.h5,2816,2805,-198.39219665527344,597.65771484375,-999.0,363.4698181152344,51.35533138875385,57.706484970021066,66.72605483309026,13714725.0,2026-02-15T03:22:27.858476
3RIMG_28JAN2026_0315_L2B_OLR_V01R00.h5,2816,2805,-197.83358764648438,598.04296875,-999.0,367.67071533203125,51.09819366796305,57.329444174363964,66.29138561416302,13714755.0,2026-02-15T03:22:28.042620
3RIMG_28JAN2026_0345_L2B_OLR_V01R00.h5,2816,2805,-197.07034301757812,598.4754028320312,-999.0,371.63067626953125,50.825674019607845,56.865631583211794,65.6473702600875,13714785.0,2026-02-15T03:22:28.223896
3RIMG_28JAN2026_0415_L2B_OLR_V01R00.h5,2816,2805,-196.22755432128906,599.0946655273438,-999.0,375.3164367675781,50.51787088802463,56.35482498784638,64.88721185788366,13714815.0,2026-02-15T03:22:28.402451
3RIMG_28JAN2026_0445_L2B_OLR_V01R00.h5,2816,2805,-195.3856201171875,599.6583251953125,-999.0,376.6119384765625,50.218967752390206,55.947602698104035,64.2364360516934,13714845.0,2026-02-15T03:22:28.586257
3RIMG_28JAN2026_0515_L2B_OLR_V01R00.h5,2816,2805,-194.96046447753906,600.2589721679688,-999.0,377.0663757324219,50.00022788040837,55.669588599902774,63.508180906660186,13714875.0,2026-02-15T03:22:28.773423
3RIMG_28JAN2026_0545_L2B_OLR_V01R00.h5,2816,2805,-194.13729858398438,600.74658203125,-999.0,377.4564514160156,49.79245158807324,55.39021987927403,62.84675802139037,13714905.0,2026-02-15T03:22:28.949459
3RIMG_28JAN2026_0615_L2B_OLR_V01R00.h5,2816,2805,-193.78414916992188,601.2249755859375,-999.0,377.0718688964844,49.657660326527306,55.26593643655809,62.49718947496354,13714935.0,2026-02-15T03:22:29.131194
3RIMG_28JAN2026_0645_L2B_OLR_V01R00.h5,2816,2805,-193.53443908691406,601.3738403320312,-999.0,375.4947509765625,49.70942715929347,55.31261394020418,62.446713964511424,13714965.0,2026-02-15T03:22:29.313969
3RIMG_28JAN2026_0715_L2B_OLR_V01R00.h5,2816,2805,-193.47825622558594,601.55126953125,-999.0,372.27099609375,49.82854531275321,55.444860537190074,62.46009560849133,13714995.0,2026-02-15T03:22:29.493115
3RIMG_28JAN2026_0745_L2B_OLR_V01R00.h5,2816,2805,-193.15882873535156,601.5859985351562,-999.0,368.87457275390625,49.9167097107438,55.48551187003727,62.441472715119104,13715025.0,2026-02-15T03:22:29.672287
3RIMG_28JAN2026_0815_L2B_OLR_V01R00.h5,2816,2805,-193.3812713623047,601.677001953125,-999.0,364.4862060546875,50.11354774347756,55.695617606546755,62.55955274671853,13715055.0,2026-02-15T03:22:29.852318
3RIMG_28JAN2026_0845_L2B_OLR_V01R00.h5,2816,2805,-193.55604553222656,601.5839233398438,-999.0,359.44256591796875,50.32632474477394,55.910065730837786,62.765657916058984,13715085.0,2026-02-15T03:22:30.036742
3RIMG_28JAN2026_0915_L2B_OLR_V01R00.h5,2816,2805,-193.90643310546875,601.4869384765625,-999.0,354.1630859375,50.61967013044887,56.15949349781235,62.967699218117005,13715115.0,2026-02-15T03:22:30.236685
3RIMG_28JAN2026_0945_L2B_OLR_V01R00.h5,2816,2805,-193.8664093017578,601.2658081054688,-999.0,348.1013488769531,50.82914286582402,56.35455912736995,63.20266923918327,13715145.0,2026-02-15T03:22:30.418527
3RIMG_28JAN2026_1015_L2B_OLR_V01R00.h5,2816,2805,-194.05587768554688,601.0096435546875,-999.0,348.3592529296875,51.027044340463455,56.555157186841676,63.477644931939714,13715175.0,2026-02-15T03:22:30.595039
3RIMG_28JAN2026_1045_L2B_OLR_V01R00.h5,2816,2805,-194.64944458007812,600.7669067382812,-999.0,348.1363830566406,51.254684208394096,56.79064626883812,63.74259388672825,13715205.0,2026-02-15T03:22:30.776191
3RIMG_28JAN2026_1115_L2B_OLR_V01R00.h5,2816,2805,-194.8808135986328,600.4847412109375,-999.0,346.4903564453125,51.40860476421973,57.02642653135634,63.974715402689995,13715235.0,2026-02-15T03:22:30.955167
3RIMG_28JAN2026_1145_L2B_OLR_V01R00.h5,2816,2805,-195.04945373535156,600.2208862304688,-999.0,344.0139465332031,51.543408685788364,57.195577094474146,64.20289965159618,13715265.0,2026-02-15T03:22:31.136267
3RIMG_28JAN2026_1215_L2B_OLR_V01R00.h5,2816,2805,-195.28988647460938,599.8729248046875,-999.0,345.1763916015625,51.69927888510776,57.349953411116516,64.48614233916707,13715295.0,2026-02-15T03:22:31.314545
3RIMG_28JAN2026_1245_L2B_OLR_V01R00.h5,2816,2805,-195.90606689453125,599.6542358398438,-999.0,341.1573791503906,51.892483491330424,57.502228163992875,64.73321534192189,13715325.0,2026-02-15T03:22:31.494316
3RIMG_28JAN2026_1315_L2B_OLR_V01R00.h5,2816,2805,-196.10498046875,599.3334350585938,-999.0,336.93597412109375,52.049189252147144,57.648793246637496,64.96169077134986,13715355.0,2026-02-15T03:22:31.674513
3RIMG_28JAN2026_1345_L2B_OLR_V01R00.h5,2816,2805,-196.74452209472656,598.9229736328125,-999.0,333.54071044921875,52.29755357721601,57.92857974801491,65.41888217063685,13715385.0,2026-02-15T03:22:31.865582
3RIMG_28JAN2026_1415_L2B_OLR_V01R00.h5,2816,2805,-197.44239807128906,598.4761352539062,-999.0,329.6488952636719,52.58370807000487,58.2337242748339,65.88109959893048,13715415.0,2026-02-15T03:22:32.052821
3RIMG_28JAN2026_1445_L2B_OLR_V01R00.h5,2816,2805,-198.07870483398438,597.9243774414062,-999.0,326.0316162109375,52.824729581915406,58.55866907713499,66.3779421892724,13715445.0,2026-02-15T03:22:32.249516
3RIMG_28JAN2026_1515_L2B_OLR_V01R00.h5,2816,2805,-198.635498046875,597.546875,-999.0,320.9628601074219,53.00843917112299,58.85788871333657,66.82495493031924,13715475.0,2026-02-15T03:22:32.432094
3RIMG_28JAN2026_1545_L2B_OLR_V01R00.h5,2816,2805,-199.1583251953125,597.1085815429688,-999.0,319.13287353515625,53.17282956571058,59.16369156133528,67.31677149165452,13715505.0,2026-02-15T03:22:32.613432
3RIMG_28JAN2026_1615_L2B_OLR_V01R00.h5,2816,2805,-200.2322540283203,596.6469116210938,-999.0,316.96051025390625,53.4388293023821,59.571787392643,68.01521228326041,13715535.0,2026-02-15T03:22:32.805289
3RIMG_28JAN2026_1645_L2B_OLR_V01R00.h5,2816,2805,-202.30841064453125,596.3920288085938,-999.0,315.38739013671875,53.767951912169835,60.06316085318425,68.84779867525522,13715565.0,2026-02-15T03:22:32.995585
3RIMG_28JAN2026_1715_L2B_OLR_V01R00.h5,2816,2805,-202.56446838378906,596.4325561523438,-999.0,316.2655029296875,53.75857083535893,60.05738788283909,68.9214546872468,13715595.0,2026-02-15T03:22:33.184098
3RIMG_28JAN2026_1745_L2B_OLR_V01R00.h5,2816,2805,-201.49378967285156,596.6337890625,-999.0,319.19091796875,53.53738757899854,59.74403966131907,68.45803455679793,13715625.0,2026-02-15T03:22:33.377203
3RIMG_28JAN2026_1815_L2B_OLR_V01R00.h5,2816,2805,-200.43463134765625,596.5023803710938,-999.0,319.7655029296875,53.376617950899366,59.568584406903256,68.25434745179064,13715655.0,2026-02-15T03:22:33.569660
3RIMG_28JAN2026_1845_L2B_OLR_V01R00.h5,2816,2805,-200.11575317382812,596.3945922851562,-999.0,319.6256408691406,53.11874594879274,59.49237107032895,68.37759277264624,13715685.0,2026-02-15T03:22:33.753479
3RIMG_28JAN2026_1915_L2B_OLR_V01R00.h5,2816,2805,-200.51898193359375,595.9366455078125,-999.0,318.5431823730469,53.292897220871815,59.78681787797764,68.91850490196079,13715715.0,2026-02-15T03:22:33.940107
3RIMG_28JAN2026_1945_L2B_OLR_V01R00.h5,2816,2805,-201.251708984375,595.394287109375,-999.0,315.51776123046875,53.652897625992544,60.28909161805218,69.6729536339329,13715745.0,2026-02-15T03:22:34.131952
3RIMG_28JAN2026_2015_L2B_OLR_V01R00.h5,2816,2805,-201.4183807373047,595.13671875,-999.0,315.3238525390625,53.615487258953166,60.386687732944424,70.0520200332199,13715775.0,2026-02-15T03:22:34.329383
3RIMG_28JAN2026_2045_L2B_OLR_V01R00.h5,2816,2805,-201.6613311767578,594.8635864257812,-999.0,314.5258483886719,53.8128190325717,60.66001762275158,70.38090210257657,13715805.0,2026-02-15T03:22:34.517137
3RIMG_28JAN2026_2115_L2B_OLR_V01R00.h5,2816,2805,-201.5373992919922,594.7406616210938,-999.0,313.2437438964844,53.862458981526494,60.68818617322962,70.47532055177443,13715835.0,2026-02-15T03:22:34.706678
3RIMG_28JAN2026_2145_L2B_OLR_V01R00.h5,2816,2805,-202.21409606933594,594.6286010742188,-999.0,312.7362365722656,54.02995108167234,60.89575990520175,70.87346560525036,13715865.0,2026-02-15T03:22:34.899259
3RIMG_28JAN2026_2215_L2B_OLR_V01R00.h5,2816,2805,-202.282958984375,594.5482177734375,-999.0,311.4091491699219,54.05518250688706,60.89335450089126,70.9017354359099,13715895.0,2026-02-15T03:22:35.095196
3RIMG_28JAN2026_2245_L2B_OLR_V01R00.h5,2816,2805,-202.10716247558594,594.6431274414062,-999.0,313.3751525878906,53.979500891265594,60.75747447739427,70.69590878706855,13715925.0,2026-02-15T03:22:35.281351
3RIMG_28JAN2026_2315_L2B_OLR_V01R00.h5,2816,2805,-201.85064697265625,594.8876342773438,-999.0,315.86346435546875,53.79327195754334,60.52763176551612,70.37766113676875,13715955.0,2026-02-15T03:22:35.468503
3RIMG_28JAN2026_2345_L2B_OLR_V01R00.h5,2816,2805,-201.47506713867188,595.1837158203125,-999.0,320.6441345214844,53.64100986468968,60.26039134662129,70.02738362907147,13715985.0,2026-02-15T03:22:35.657307
3RIMG_29JAN2026_0015_L2B_OLR_V01R00.h5,2816,2805,-201.19125366210938,595.4475708007812,-999.0,327.2445983886719,53.4432349902771,59.95628494166262,69.64207583859991,13716015.0,2026-02-15T03:22:35.845506
3RIMG_29JAN2026_0045_L2B_OLR_V01R00.h5,2816,2805,-200.88546752929688,595.8407592773438,-999.0,332.5684509277344,53.19827621131097,59.58678951952682,69.15455102495544,13716045.0,2026-02-15T03:22:36.033318
3RIMG_29JAN2026_0115_L2B_OLR_V01R00.h5,2816,2805,-200.2263946533203,596.2533569335938,-999.0,338.6601867675781,52.854037534435264,59.16790734888997,68.58843279047157,13716075.0,2026-02-15T03:22:36.219602
3RIMG_29JAN2026_0145_L2B_OLR_V01R00.h5,2816,2805,-199.79183959960938,596.52587890625,-999.0,343.9703674316406,52.628030809431216,58.93259550721115,68.27342610597958,13716105.0,2026-02-15T03:22:36.404703
3RIMG_29JAN2026_0215_L2B_OLR_V01R00.h5,2816,2805,-199.16323852539062,596.8890991210938,-999.0,349.6385192871094,52.32583606789824,58.599244449846054,67.86406427240318,13716135.0,2026-02-15T03:22:36.596918
3RIMG_29JAN2026_0245_L2B_OLR_V01R00.h5,2816,2805,-198.85989379882812,597.2706298828125,-999.0,353.5549621582031,52.0336427442878,58.305202762923344,67.50891265597147,13716165.0,2026-02-15T03:22:36.785884
3RIMG_29JAN2026_0315_L2B_OLR_V01R00.h5,2816,2805,-198.3147430419922,597.6171875,-999.0,357.98846435546875,51.65829839167072,58.025365621455194,67.05665866553232,13716195.0,2026-02-15T03:22:36.969837
3RIMG_29JAN2026_0345_L2B_OLR_V01R00.h5,2816,2805,-197.79751586914062,598.1707153320312,-999.0,360.2086181640625,51.24191024550316,57.593038506725,66.34232954545455,13716225.0,2026-02-15T03:22:37.148235
3RIMG_29JAN2026_0415_L2B_OLR_V01R00.h5,2816,2805,-196.8925018310547,598.6604614257812,-999.0,364.3992004394531,50.85696959568951,57.14881097066926,65.78411116512721,13716255.0,2026-02-15T03:22:37.333508
3RIMG_29JAN2026_0445_L2B_OLR_V01R00.h5,2816,2805,-196.18826293945312,599.093017578125,-999.0,366.046142578125,50.58115834143575,56.76509834305623,65.28319204748016,13716285.0,2026-02-15T03:22:37.510090
3RIMG_29JAN2026_0515_L2B_OLR_V01R00.h5,2816,2805,-196.05230712890625,599.5773315429688,-999.0,366.8514404296875,50.43058003159941,56.5656650056717,64.8348626640739,13716315.0,2026-02-15T03:22:37.700858
3RIMG_29JAN2026_0545_L2B_OLR_V01R00 (1).h5,2816,2805,-195.44032287597656,600.0335693359375,-999.0,366.6029968261719,50.26810130043753,56.29428475935829,64.19943080538,13716345.0,2026-02-15T03:22:37.884804
3RIMG_29JAN2026_0545_L2B_OLR_V01R00.h5,2816,2805,-195.44032287597656,600.0335693359375,-999.0,366.6029968261719,50.26810130043753,56.29428475935829,64.19943080538,13716345.0,2026-02-15T03:22:38.079571
3RIMG_29JAN2026_0615_L2B_OLR_V01R00.h5,2816,2805,-194.78285217285156,600.4259033203125,-999.0,365.12347412109375,50.134360820774596,56.07702611003079,63.69514412169826,13716375.0,2026-02-15T03:22:38.268902
3RIMG_29JAN2026_0645_L2B_OLR_V01R00.h5,2816,2805,-194.60952758789062,600.7765502929688,-999.0,361.353515625,50.0772641184573,55.900114953005996,63.4442857721601,13716405.0,2026-02-15T03:22:38.453217
3RIMG_29JAN2026_0715_L2B_OLR_V01R00.h5,2816,2805,-194.35414123535156,600.8352661132812,-999.0,357.7393798828125,50.23167841516772,56.00914306838438,63.48277224112786,13716435.0,2026-02-15T03:22:38.648605
3RIMG_29JAN2026_0745_L2B_OLR_V01R00.h5,2816,2805,-194.08384704589844,601.0270385742188,-999.0,354.43695068359375,50.16166848970993,55.87998551693405,63.33306747285691,13716465.0,2026-02-15T03:22:38.836521
3RIMG_29JAN2026_0815_L2B_OLR_V01R00.h5,2816,2805,-193.906005859375,601.095947265625,-999.0,349.86163330078125,50.23375465888835,55.92011778885107,63.342296629395555,13716495.0,2026-02-15T03:22:39.020360
3RIMG_29JAN2026_0845_L2B_OLR_V01R00.h5,2816,2805,-193.89129638671875,601.0816650390625,-999.0,351.2022705078125,50.471028804083616,56.06356850591476,63.466959872792096,13716525.0,2026-02-15T03:22:39.203071
3RIMG_29JAN2026_0915_L2B_OLR_V01R00.h5,2816,2805,-193.99581909179688,601.0819091796875,-999.0,353.98834228515625,50.512123237724836,56.095800923675256,63.513865256846536,13716555.0,2026-02-15T03:22:39.389975
3RIMG_29JAN2026_0945_L2B_OLR_V01R00.h5,2816,2805,-194.1898193359375,601.0725708007812,-999.0,354.79669189453125,50.693376782531196,56.21086786987522,63.58297632069356,13716585.0,2026-02-15T03:22:39.583773
3RIMG_29JAN2026_1015_L2B_OLR_V01R00.h5,2816,2805,-194.28564453125,600.9022827148438,-999.0,355.2778015136719,50.87585834953816,56.378106769567324,63.69057385350835,13716615.0,2026-02-15T03:22:39.769903
3RIMG_29JAN2026_1045_L2B_OLR_V01R00.h5,2816,2805,-194.63951110839844,600.6461791992188,-999.0,352.73992919921875,51.122728791929994,56.58741492464755,63.886082583859995,13716645.0,2026-02-15T03:22:39.955839
3RIMG_29JAN2026_1115_L2B_OLR_V01R00.h5,2816,2805,-194.9357147216797,600.5068969726562,-999.0,351.2958068847656,51.34075970264139,56.744525806190246,63.99113545211473,13716675.0,2026-02-15T03:22:40.138695
3RIMG_29JAN2026_1145_L2B_OLR_V01R00.h5,2816,2805,-195.1739501953125,600.355712890625,-999.0,348.4991760253906,51.47598140495868,56.9351477677848,64.1088863231243,13716705.0,2026-02-15T03:22:40.322993
3RIMG_29JAN2026_1215_L2B_OLR_V01R00.h5,2816,2805,-195.1223602294922,600.1351928710938,-999.0,344.9953308105469,51.58614892237887,57.074509297520656,64.1926450332199,13716735.0,2026-02-15T03:22:40.508911
3RIMG_29JAN2026_1245_L2B_OLR_V01R00.h5,2816,2805,-195.55963134765625,599.8754272460938,-999.0,343.0532531738281,51.77214997569276,57.255800822395074,64.38538121860314,13716765.0,2026-02-15T03:22:40.690707
3RIMG_29JAN2026_1315_L2B_OLR_V01R00.h5,2816,2805,-195.65768432617188,599.6207275390625,-999.0,339.82061767578125,51.904333272565225,57.37786876114082,64.48167335115865,13716795.0,2026-02-15T03:22:40.879820
3RIMG_29JAN2026_1345_L2B_OLR_V01R00.h5,2816,2805,-196.240478515625,599.3706665039062,-999.0,336.9179382324219,52.02186892318911,57.549196848160754,64.73407622346458,13716825.0,2026-02-15T03:22:41.064015
3RIMG_29JAN2026_1415_L2B_OLR_V01R00.h5,2816,2805,-196.6896514892578,598.8896484375,-999.0,335.9538879394531,52.23336726219413,57.81353812186032,65.08253068789499,13716855.0,2026-02-15T03:22:41.253738
3RIMG_29JAN2026_1445_L2B_OLR_V01R00.h5,2816,2805,-197.23890686035156,598.4699096679688,-999.0,332.69189453125,52.429027912818015,58.0229728771674,65.47838427726462,13716885.0,2026-02-15T03:22:41.441985
3RIMG_29JAN2026_1515_L2B_OLR_V01R00.h5,2816,2805,-198.1206512451172,598.0250244140625,-999.0,326.59002685546875,52.650401069518715,58.33301683276616,66.01032045049425,13716915.0,2026-02-15T03:22:41.636830
3RIMG_29JAN2026_1545_L2B_OLR_V01R00.h5,2816,2805,-198.5471954345703,597.7345581054688,-999.0,321.4599609375,52.78320470750284,58.5260441986712,66.3966790228488,13716945.0,2026-02-15T03:22:41.831860
3RIMG_29JAN2026_1615_L2B_OLR_V01R00.h5,2816,2805,-199.3763885498047,597.0722045898438,-999.0,315.4003601074219,53.12845618619348,58.98990742991411,67.2195298573975,13716975.0,2026-02-15T03:22:42.031714
3RIMG_29JAN2026_1645_L2B_OLR_V01R00.h5,2816,2805,-201.88699340820312,596.9149169921875,-999.0,310.70489501953125,53.55663081348242,59.47877420596338,68.15697921730676,13717005.0,2026-02-15T03:22:42.215733
3RIMG_29JAN2026_1715_L2B_OLR_V01R00.h5,2816,2805,-201.82908630371094,596.8801879882812,-999.0,310.8809509277344,53.468846216172416,59.5247554083617,68.21165785529088,13717035.0,2026-02-15T03:22:42.406084
3RIMG_29JAN2026_1745_L2B_OLR_V01R00.h5,2816,2805,-200.973388671875,597.1909790039062,-999.0,312.95361328125,53.18512244773943,59.19888642440447,67.78492647058823,13717065.0,2026-02-15T03:22:42.590920
3RIMG_29JAN2026_1945_L2B_OLR_V01R00.h5,2816,2805,-200.59039306640625,595.8982543945312,-999.0,312.40521240234375,53.20430238210987,59.64603842570085,69.44726340949603,13717185.0,2026-02-15T03:22:42.773771
3RIMG_29JAN2026_2015_L2B_OLR_V01R00.h5,2816,2805,-200.94296264648438,595.604248046875,-999.0,311.7434387207031,53.236952580619025,59.81934147625992,69.91582350915573,13717215.0,2026-02-15T03:22:42.962297
3RIMG_29JAN2026_2045_L2B_OLR_V01R00.h5,2816,2805,-200.9324493408203,595.3161010742188,-999.0,311.14788818359375,53.22206439393939,59.96129831064657,70.23597016285854,13717245.0,2026-02-15T03:22:43.146408
3RIMG_29JAN2026_2115_L2B_OLR_V01R00.h5,2816,2805,-200.96542358398438,595.3037719726562,-999.0,310.857421875,53.060674424728575,59.76947364689678,70.27776089774753,13717275.0,2026-02-15T03:22:43.334323
3RIMG_29JAN2026_2145_L2B_OLR_V01R00.h5,2816,2805,-201.2047119140625,595.2691040039062,-999.0,310.06109619140625,53.00352708232053,59.72873369389078,70.42625030384055,13717305.0,2026-02-15T03:22:43.512543
3RIMG_29JAN2026_2215_L2B_OLR_V01R00.h5,2816,2805,-201.26882934570312,595.2353515625,-999.0,309.84967041015625,52.920249453087024,59.59265111003079,70.4974376114082,13717335.0,2026-02-15T03:22:43.700313
3RIMG_29JAN2026_2245_L2B_OLR_V01R00.h5,2816,2805,-201.19117736816406,595.3692016601562,-999.0,309.14471435546875,52.84688462161724,59.31735891670718,70.2486175255226,13717365.0,2026-02-15T03:22:43.886289
3RIMG_29JAN2026_2315_L2B_OLR_V01R00.h5,2816,2805,-200.95150756835938,595.66015625,-999.0,309.5155029296875,52.62618244611894,58.947445713822724,69.82546892724032,13717395.0,2026-02-15T03:22:44.081340
3RIMG_29JAN2026_2345_L2B_OLR_V01R00.h5,2816,2805,-200.5333709716797,595.9168701171875,-999.0,311.00909423828125,52.443599598930476,58.69340969859018,69.40302929022849,13717425.0,2026-02-15T03:22:44.274073
